
-- Now drop child tables, then parents
-- DROP TABLE IF EXISTS sales;
-- DROP TABLE IF EXISTS inventory;
-- DROP TABLE IF EXISTS customers;
-- DROP TABLE IF EXISTS products;
-- DROP TABLE IF EXISTS stores;
-- DROP TABLE IF EXISTS calendar;
-- DROP TABLE IF EXISTS suppliers;

-- Dmart sql:
/*
CREATE 1ST TABLE- CALENDAR
*/ 
--Drop table if it exists
IF OBJECT_ID('calendar', 'U') IS NOT NULL
    DROP TABLE calendar;
GO
CREATE TABLE calendar (
    sale_date DATE NOT NULL PRIMARY KEY,
    month_name VARCHAR(510) NULL,
    quarter_ VARCHAR(510) NULL,
    year_ INT NULL,
    day_of_week VARCHAR(510) NULL
);

INSERT INTO calendar (sale_date, month_name, quarter_, year_, day_of_week)
VALUES ('2025-01-01','January','Q1',2025,'Wednesday'),('2025-01-02','January','Q1',2025,'Thursday'),('2025-01-03','January','Q1',2025,'Friday'),('2025-01-04','January','Q1',2025,'Saturday'),('2025-01-05','January','Q1',2025,'Sunday'),('2025-01-06','January','Q1',2025,'Monday'),('2025-01-07','January','Q1',2025,'Tuesday'),('2025-01-08','January','Q1',2025,'Wednesday'),('2025-01-09','January','Q1',2025,'Thursday'),('2025-01-10','January','Q1',2025,'Friday'),('2025-01-11','January','Q1',2025,'Saturday'),('2025-01-12','January','Q1',2025,'Sunday'),('2025-01-13','January','Q1',2025,'Monday'),('2025-01-14','January','Q1',2025,'Tuesday'),('2025-01-15','January','Q1',2025,'Wednesday'),('2025-01-16','January','Q1',2025,'Thursday'),('2025-01-17','January','Q1',2025,'Friday'),('2025-01-18','January','Q1',2025,'Saturday'),('2025-01-19','January','Q1',2025,'Sunday'),('2025-01-20','January','Q1',2025,'Monday'),('2025-01-21','January','Q1',2025,'Tuesday'),('2025-01-22','January','Q1',2025,'Wednesday'),('2025-01-23','January','Q1',2025,'Thursday'),('2025-01-24','January','Q1',2025,'Friday'),('2025-01-25','January','Q1',2025,'Saturday'),('2025-01-26','January','Q1',2025,'Sunday'),('2025-01-27','January','Q1',2025,'Monday'),('2025-01-28','January','Q1',2025,'Tuesday'),('2025-01-29','January','Q1',2025,'Wednesday'),('2025-01-30','January','Q1',2025,'Thursday'),('2025-01-31','January','Q1',2025,'Friday'),('2025-02-01','February','Q1',2025,'Saturday'),('2025-02-02','February','Q1',2025,'Sunday'),('2025-02-03','February','Q1',2025,'Monday'),('2025-02-04','February','Q1',2025,'Tuesday'),('2025-02-05','February','Q1',2025,'Wednesday'),('2025-02-06','February','Q1',2025,'Thursday'),('2025-02-07','February','Q1',2025,'Friday'),('2025-02-08','February','Q1',2025,'Saturday'),('2025-02-09','February','Q1',2025,'Sunday'),('2025-02-10','February','Q1',2025,'Monday'),('2025-02-11','February','Q1',2025,'Tuesday'),('2025-02-12','February','Q1',2025,'Wednesday'),('2025-02-13','February','Q1',2025,'Thursday'),('2025-02-14','February','Q1',2025,'Friday'),('2025-02-15','February','Q1',2025,'Saturday'),('2025-02-16','February','Q1',2025,'Sunday'),('2025-02-17','February','Q1',2025,'Monday'),('2025-02-18','February','Q1',2025,'Tuesday'),('2025-02-19','February','Q1',2025,'Wednesday'),('2025-02-20','February','Q1',2025,'Thursday'),('2025-02-21','February','Q1',2025,'Friday'),('2025-02-22','February','Q1',2025,'Saturday'),('2025-02-23','February','Q1',2025,'Sunday'),('2025-02-24','February','Q1',2025,'Monday'),('2025-02-25','February','Q1',2025,'Tuesday'),('2025-02-26','February','Q1',2025,'Wednesday'),('2025-02-27','February','Q1',2025,'Thursday'),('2025-02-28','February','Q1',2025,'Friday'),('2025-03-01','March','Q1',2025,'Saturday'),('2025-03-02','March','Q1',2025,'Sunday'),('2025-03-03','March','Q1',2025,'Monday'),('2025-03-04','March','Q1',2025,'Tuesday'),('2025-03-05','March','Q1',2025,'Wednesday'),('2025-03-06','March','Q1',2025,'Thursday'),('2025-03-07','March','Q1',2025,'Friday'),('2025-03-08','March','Q1',2025,'Saturday'),('2025-03-09','March','Q1',2025,'Sunday'),('2025-03-10','March','Q1',2025,'Monday'),('2025-03-11','March','Q1',2025,'Tuesday'),('2025-03-12','March','Q1',2025,'Wednesday'),('2025-03-13','March','Q1',2025,'Thursday'),('2025-03-14','March','Q1',2025,'Friday'),('2025-03-15','March','Q1',2025,'Saturday'),('2025-03-16','March','Q1',2025,'Sunday'),('2025-03-17','March','Q1',2025,'Monday'),('2025-03-18','March','Q1',2025,'Tuesday'),('2025-03-19','March','Q1',2025,'Wednesday'),('2025-03-20','March','Q1',2025,'Thursday'),('2025-03-21','March','Q1',2025,'Friday'),('2025-03-22','March','Q1',2025,'Saturday'),('2025-03-23','March','Q1',2025,'Sunday'),('2025-03-24','March','Q1',2025,'Monday'),('2025-03-25','March','Q1',2025,'Tuesday'),('2025-03-26','March','Q1',2025,'Wednesday'),('2025-03-27','March','Q1',2025,'Thursday'),('2025-03-28','March','Q1',2025,'Friday'),('2025-03-29','March','Q1',2025,'Saturday'),('2025-03-30','March','Q1',2025,'Sunday'),('2025-03-31','March','Q1',2025,'Monday'),('2025-04-01','April','Q2',2025,'Tuesday'),('2025-04-02','April','Q2',2025,'Wednesday'),('2025-04-03','April','Q2',2025,'Thursday'),('2025-04-04','April','Q2',2025,'Friday'),('2025-04-05','April','Q2',2025,'Saturday'),('2025-04-06','April','Q2',2025,'Sunday'),('2025-04-07','April','Q2',2025,'Monday'),('2025-04-08','April','Q2',2025,'Tuesday'),('2025-04-09','April','Q2',2025,'Wednesday'),('2025-04-10','April','Q2',2025,'Thursday'),('2025-04-11','April','Q2',2025,'Friday'),('2025-04-12','April','Q2',2025,'Saturday'),('2025-04-13','April','Q2',2025,'Sunday'),('2025-04-14','April','Q2',2025,'Monday'),('2025-04-15','April','Q2',2025,'Tuesday'),('2025-04-16','April','Q2',2025,'Wednesday'),('2025-04-17','April','Q2',2025,'Thursday'),('2025-04-18','April','Q2',2025,'Friday'),('2025-04-19','April','Q2',2025,'Saturday'),('2025-04-20','April','Q2',2025,'Sunday'),('2025-04-21','April','Q2',2025,'Monday'),('2025-04-22','April','Q2',2025,'Tuesday'),('2025-04-23','April','Q2',2025,'Wednesday'),('2025-04-24','April','Q2',2025,'Thursday'),('2025-04-25','April','Q2',2025,'Friday'),('2025-04-26','April','Q2',2025,'Saturday'),('2025-04-27','April','Q2',2025,'Sunday'),('2025-04-28','April','Q2',2025,'Monday'),('2025-04-29','April','Q2',2025,'Tuesday'),('2025-04-30','April','Q2',2025,'Wednesday'),('2025-05-01','May','Q2',2025,'Thursday'),('2025-05-02','May','Q2',2025,'Friday'),('2025-05-03','May','Q2',2025,'Saturday'),('2025-05-04','May','Q2',2025,'Sunday'),('2025-05-05','May','Q2',2025,'Monday'),('2025-05-06','May','Q2',2025,'Tuesday'),('2025-05-07','May','Q2',2025,'Wednesday'),('2025-05-08','May','Q2',2025,'Thursday'),('2025-05-09','May','Q2',2025,'Friday'),('2025-05-10','May','Q2',2025,'Saturday'),('2025-05-11','May','Q2',2025,'Sunday'),('2025-05-12','May','Q2',2025,'Monday'),('2025-05-13','May','Q2',2025,'Tuesday'),('2025-05-14','May','Q2',2025,'Wednesday'),('2025-05-15','May','Q2',2025,'Thursday'),('2025-05-16','May','Q2',2025,'Friday'),('2025-05-17','May','Q2',2025,'Saturday'),('2025-05-18','May','Q2',2025,'Sunday'),('2025-05-19','May','Q2',2025,'Monday'),('2025-05-20','May','Q2',2025,'Tuesday'),('2025-05-21','May','Q2',2025,'Wednesday'),('2025-05-22','May','Q2',2025,'Thursday'),('2025-05-23','May','Q2',2025,'Friday'),('2025-05-24','May','Q2',2025,'Saturday'),('2025-05-25','May','Q2',2025,'Sunday'),('2025-05-26','May','Q2',2025,'Monday'),('2025-05-27','May','Q2',2025,'Tuesday'),('2025-05-28','May','Q2',2025,'Wednesday'),('2025-05-29','May','Q2',2025,'Thursday'),('2025-05-30','May','Q2',2025,'Friday'),('2025-05-31','May','Q2',2025,'Saturday'),('2025-06-01','June','Q2',2025,'Sunday'),('2025-06-02','June','Q2',2025,'Monday'),('2025-06-03','June','Q2',2025,'Tuesday'),('2025-06-04','June','Q2',2025,'Wednesday'),('2025-06-05','June','Q2',2025,'Thursday'),('2025-06-06','June','Q2',2025,'Friday'),('2025-06-07','June','Q2',2025,'Saturday'),('2025-06-08','June','Q2',2025,'Sunday'),('2025-06-09','June','Q2',2025,'Monday'),('2025-06-10','June','Q2',2025,'Tuesday'),('2025-06-11','June','Q2',2025,'Wednesday'),('2025-06-12','June','Q2',2025,'Thursday'),('2025-06-13','June','Q2',2025,'Friday'),('2025-06-14','June','Q2',2025,'Saturday'),('2025-06-15','June','Q2',2025,'Sunday'),('2025-06-16','June','Q2',2025,'Monday'),('2025-06-17','June','Q2',2025,'Tuesday'),('2025-06-18','June','Q2',2025,'Wednesday'),('2025-06-19','June','Q2',2025,'Thursday'),('2025-06-20','June','Q2',2025,'Friday'),('2025-06-21','June','Q2',2025,'Saturday'),('2025-06-22','June','Q2',2025,'Sunday'),('2025-06-23','June','Q2',2025,'Monday'),('2025-06-24','June','Q2',2025,'Tuesday'),('2025-06-25','June','Q2',2025,'Wednesday'),('2025-06-26','June','Q2',2025,'Thursday'),('2025-06-27','June','Q2',2025,'Friday'),('2025-06-28','June','Q2',2025,'Saturday'),('2025-06-29','June','Q2',2025,'Sunday'),('2025-06-30','June','Q2',2025,'Monday'),('2025-07-01','July','Q3',2025,'Tuesday'),('2025-07-02','July','Q3',2025,'Wednesday'),('2025-07-03','July','Q3',2025,'Thursday'),('2025-07-04','July','Q3',2025,'Friday'),('2025-07-05','July','Q3',2025,'Saturday'),('2025-07-06','July','Q3',2025,'Sunday'),('2025-07-07','July','Q3',2025,'Monday'),('2025-07-08','July','Q3',2025,'Tuesday'),('2025-07-09','July','Q3',2025,'Wednesday'),('2025-07-10','July','Q3',2025,'Thursday'),('2025-07-11','July','Q3',2025,'Friday'),('2025-07-12','July','Q3',2025,'Saturday'),('2025-07-13','July','Q3',2025,'Sunday'),('2025-07-14','July','Q3',2025,'Monday'),('2025-07-15','July','Q3',2025,'Tuesday'),('2025-07-16','July','Q3',2025,'Wednesday'),('2025-07-17','July','Q3',2025,'Thursday'),('2025-07-18','July','Q3',2025,'Friday'),('2025-07-19','July','Q3',2025,'Saturday'),('2025-07-20','July','Q3',2025,'Sunday'),('2025-07-21','July','Q3',2025,'Monday'),('2025-07-22','July','Q3',2025,'Tuesday'),('2025-07-23','July','Q3',2025,'Wednesday'),('2025-07-24','July','Q3',2025,'Thursday'),('2025-07-25','July','Q3',2025,'Friday'),('2025-07-26','July','Q3',2025,'Saturday'),('2025-07-27','July','Q3',2025,'Sunday'),('2025-07-28','July','Q3',2025,'Monday'),('2025-07-29','July','Q3',2025,'Tuesday'),('2025-07-30','July','Q3',2025,'Wednesday'),('2025-07-31','July','Q3',2025,'Thursday'),('2025-08-01','August','Q3',2025,'Friday'),('2025-08-02','August','Q3',2025,'Saturday'),('2025-08-03','August','Q3',2025,'Sunday'),('2025-08-04','August','Q3',2025,'Monday'),('2025-08-05','August','Q3',2025,'Tuesday'),('2025-08-06','August','Q3',2025,'Wednesday'),('2025-08-07','August','Q3',2025,'Thursday'),('2025-08-08','August','Q3',2025,'Friday'),('2025-08-09','August','Q3',2025,'Saturday'),('2025-08-10','August','Q3',2025,'Sunday'),('2025-08-11','August','Q3',2025,'Monday'),('2025-08-12','August','Q3',2025,'Tuesday'),('2025-08-13','August','Q3',2025,'Wednesday'),('2025-08-14','August','Q3',2025,'Thursday'),('2025-08-15','August','Q3',2025,'Friday'),('2025-08-16','August','Q3',2025,'Saturday'),('2025-08-17','August','Q3',2025,'Sunday'),('2025-08-18','August','Q3',2025,'Monday'),('2025-08-19','August','Q3',2025,'Tuesday'),('2025-08-20','August','Q3',2025,'Wednesday'),('2025-08-21','August','Q3',2025,'Thursday'),('2025-08-22','August','Q3',2025,'Friday'),('2025-08-23','August','Q3',2025,'Saturday'),('2025-08-24','August','Q3',2025,'Sunday'),('2025-08-25','August','Q3',2025,'Monday'),('2025-08-26','August','Q3',2025,'Tuesday'),('2025-08-27','August','Q3',2025,'Wednesday'),('2025-08-28','August','Q3',2025,'Thursday'),('2025-08-29','August','Q3',2025,'Friday'),('2025-08-30','August','Q3',2025,'Saturday'),('2025-08-31','August','Q3',2025,'Sunday'),('2025-09-01','September','Q3',2025,'Monday'),('2025-09-02','September','Q3',2025,'Tuesday'),('2025-09-03','September','Q3',2025,'Wednesday'),('2025-09-04','September','Q3',2025,'Thursday'),('2025-09-05','September','Q3',2025,'Friday'),('2025-09-06','September','Q3',2025,'Saturday'),('2025-09-07','September','Q3',2025,'Sunday'),('2025-09-08','September','Q3',2025,'Monday'),('2025-09-09','September','Q3',2025,'Tuesday'),('2025-09-10','September','Q3',2025,'Wednesday'),('2025-09-11','September','Q3',2025,'Thursday'),('2025-09-12','September','Q3',2025,'Friday'),('2025-09-13','September','Q3',2025,'Saturday'),('2025-09-14','September','Q3',2025,'Sunday'),('2025-09-15','September','Q3',2025,'Monday'),('2025-09-16','September','Q3',2025,'Tuesday'),('2025-09-17','September','Q3',2025,'Wednesday'),('2025-09-18','September','Q3',2025,'Thursday'),('2025-09-19','September','Q3',2025,'Friday'),('2025-09-20','September','Q3',2025,'Saturday'),('2025-09-21','September','Q3',2025,'Sunday'),('2025-09-22','September','Q3',2025,'Monday'),('2025-09-23','September','Q3',2025,'Tuesday'),('2025-09-24','September','Q3',2025,'Wednesday'),('2025-09-25','September','Q3',2025,'Thursday'),('2025-09-26','September','Q3',2025,'Friday'),('2025-09-27','September','Q3',2025,'Saturday'),('2025-09-28','September','Q3',2025,'Sunday'),('2025-09-29','September','Q3',2025,'Monday'),('2025-09-30','September','Q3',2025,'Tuesday'),('2025-10-01','October','Q4',2025,'Wednesday'),('2025-10-02','October','Q4',2025,'Thursday'),('2025-10-03','October','Q4',2025,'Friday'),('2025-10-04','October','Q4',2025,'Saturday'),('2025-10-05','October','Q4',2025,'Sunday'),('2025-10-06','October','Q4',2025,'Monday'),('2025-10-07','October','Q4',2025,'Tuesday'),('2025-10-08','October','Q4',2025,'Wednesday'),('2025-10-09','October','Q4',2025,'Thursday'),('2025-10-10','October','Q4',2025,'Friday'),('2025-10-11','October','Q4',2025,'Saturday'),('2025-10-12','October','Q4',2025,'Sunday'),('2025-10-13','October','Q4',2025,'Monday'),('2025-10-14','October','Q4',2025,'Tuesday'),('2025-10-15','October','Q4',2025,'Wednesday'),('2025-10-16','October','Q4',2025,'Thursday'),('2025-10-17','October','Q4',2025,'Friday'),('2025-10-18','October','Q4',2025,'Saturday'),('2025-10-19','October','Q4',2025,'Sunday'),('2025-10-20','October','Q4',2025,'Monday'),('2025-10-21','October','Q4',2025,'Tuesday'),('2025-10-22','October','Q4',2025,'Wednesday'),('2025-10-23','October','Q4',2025,'Thursday'),('2025-10-24','October','Q4',2025,'Friday'),('2025-10-25','October','Q4',2025,'Saturday'),('2025-10-26','October','Q4',2025,'Sunday'),('2025-10-27','October','Q4',2025,'Monday'),('2025-10-28','October','Q4',2025,'Tuesday'),('2025-10-29','October','Q4',2025,'Wednesday'),('2025-10-30','October','Q4',2025,'Thursday'),('2025-10-31','October','Q4',2025,'Friday'),('2025-11-01','November','Q4',2025,'Saturday'),('2025-11-02','November','Q4',2025,'Sunday'),('2025-11-03','November','Q4',2025,'Monday'),('2025-11-04','November','Q4',2025,'Tuesday'),('2025-11-05','November','Q4',2025,'Wednesday'),('2025-11-06','November','Q4',2025,'Thursday'),('2025-11-07','November','Q4',2025,'Friday'),('2025-11-08','November','Q4',2025,'Saturday'),('2025-11-09','November','Q4',2025,'Sunday'),('2025-11-10','November','Q4',2025,'Monday'),('2025-11-11','November','Q4',2025,'Tuesday'),('2025-11-12','November','Q4',2025,'Wednesday'),('2025-11-13','November','Q4',2025,'Thursday'),('2025-11-14','November','Q4',2025,'Friday'),('2025-11-15','November','Q4',2025,'Saturday'),('2025-11-16','November','Q4',2025,'Sunday'),('2025-11-17','November','Q4',2025,'Monday'),('2025-11-18','November','Q4',2025,'Tuesday'),('2025-11-19','November','Q4',2025,'Wednesday'),('2025-11-20','November','Q4',2025,'Thursday'),('2025-11-21','November','Q4',2025,'Friday'),('2025-11-22','November','Q4',2025,'Saturday'),('2025-11-23','November','Q4',2025,'Sunday'),('2025-11-24','November','Q4',2025,'Monday'),('2025-11-25','November','Q4',2025,'Tuesday'),('2025-11-26','November','Q4',2025,'Wednesday'),('2025-11-27','November','Q4',2025,'Thursday'),('2025-11-28','November','Q4',2025,'Friday'),('2025-11-29','November','Q4',2025,'Saturday'),('2025-11-30','November','Q4',2025,'Sunday'),('2025-12-01','December','Q4',2025,'Monday'),('2025-12-02','December','Q4',2025,'Tuesday'),('2025-12-03','December','Q4',2025,'Wednesday'),('2025-12-04','December','Q4',2025,'Thursday'),('2025-12-05','December','Q4',2025,'Friday'),('2025-12-06','December','Q4',2025,'Saturday'),('2025-12-07','December','Q4',2025,'Sunday'),('2025-12-08','December','Q4',2025,'Monday'),('2025-12-09','December','Q4',2025,'Tuesday'),('2025-12-10','December','Q4',2025,'Wednesday'),('2025-12-11','December','Q4',2025,'Thursday'),('2025-12-12','December','Q4',2025,'Friday'),('2025-12-13','December','Q4',2025,'Saturday'),('2025-12-14','December','Q4',2025,'Sunday'),('2025-12-15','December','Q4',2025,'Monday'),('2025-12-16','December','Q4',2025,'Tuesday'),('2025-12-17','December','Q4',2025,'Wednesday'),('2025-12-18','December','Q4',2025,'Thursday'),('2025-12-19','December','Q4',2025,'Friday'),('2025-12-20','December','Q4',2025,'Saturday'),('2025-12-21','December','Q4',2025,'Sunday'),('2025-12-22','December','Q4',2025,'Monday'),('2025-12-23','December','Q4',2025,'Tuesday'),('2025-12-24','December','Q4',2025,'Wednesday'),('2025-12-25','December','Q4',2025,'Thursday'),('2025-12-26','December','Q4',2025,'Friday'),('2025-12-27','December','Q4',2025,'Saturday'),('2025-12-28','December','Q4',2025,'Sunday'),('2025-12-29','December','Q4',2025,'Monday'),('2025-12-30','December','Q4',2025,'Tuesday'),('2025-12-31','December','Q4',2025,'Wednesday');

--select * from calendar;

-----------------------------
/*
CREATE 2ND TABLE- CUSTOMERS
*/ 
-- Drop the table if it already exists
IF OBJECT_ID('customers', 'U') IS NOT NULL
    DROP TABLE customers;
GO

-- Create the customers table
CREATE TABLE customers (
    customer_id INT NOT NULL PRIMARY KEY,
    customer_name NVARCHAR(510) NULL,
    gender NVARCHAR(510) NULL,
    age INT NULL,
    city NVARCHAR(510) NULL,
    join_date DATETIME NULL
);
GO

INSERT INTO customers (customer_id, customer_name, gender, age, city, join_date)
VALUES (1,'Anay Shanker','M',19,'Ahmedabad','2025-03-11 18:30:00'),(2,'Nirvaan Choudhury','M',32,'Pune','2024-12-13 18:30:00'),(3,'Sara Behl','M',55,'Nagpur','2024-11-07 18:30:00'),(4,'Kiara Kakar','M',23,'Pune','2025-02-18 18:30:00'),(5,'Aniruddh Batra','M',53,'Pune','2025-09-19 18:30:00'),(6,'Mehul Krishnan','F',32,'Nagpur','2025-08-19 18:30:00'),(7,'Jhanvi Chaudhary','F',18,'Jaipur','2025-01-11 18:30:00'),(8,'Madhup Kapur','F',39,'Nashik','2025-01-09 18:30:00'),(9,'Zoya Virk','M',39,'Mumbai','2024-12-08 18:30:00'),(10,'Tara Swaminathan','F',24,'Nashik','2025-04-16 18:30:00'),(11,'Rasha Kakar','F',20,'Ahmedabad','2025-06-14 18:30:00'),(12,'Ranbir Brahmbhatt','M',42,'Mumbai','2025-07-31 18:30:00'),(13,'Tarini Ganguly','F',58,'Surat','2025-04-25 18:30:00'),(14,'Divij Gupta','M',22,'Mumbai','2025-09-25 18:30:00'),(15,'Taimur Vaidya','M',36,'Mumbai','2025-02-18 18:30:00'),(16,'Lavanya Deo','M',42,'Nashik','2025-06-11 18:30:00'),(17,'Samiha Karpe','F',28,'Nashik','2025-04-21 18:30:00'),(18,'Uthkarsh Baral','M',60,'Nashik','2025-10-16 18:30:00'),(19,'Mishti Ranganathan','M',56,'Ahmedabad','2025-01-17 18:30:00'),(20,'Kashvi Char','M',28,'Nagpur','2025-05-04 18:30:00'),(21,'Azad Sahota','F',58,'Ahmedabad','2025-08-03 18:30:00'),(22,'Trisha Dhillon','M',38,'Jaipur','2024-11-19 18:30:00'),(23,'Mehul Verma','M',20,'Jaipur','2025-04-01 18:30:00'),(24,'Vaibhav Dewan','F',35,'Mumbai','2025-02-07 18:30:00'),(25,'Myra Tiwari','F',31,'Ahmedabad','2025-07-04 18:30:00'),(26,'Ishaan Goyal','F',59,'Nagpur','2025-01-03 18:30:00'),(27,'Lakshay Sampath','F',26,'Pune','2025-08-05 18:30:00'),(28,'Rati Sanghvi','F',55,'Nagpur','2025-08-16 18:30:00'),(29,'Mahika Ravi','F',41,'Pune','2024-12-31 18:30:00'),(30,'Hazel Sethi','F',23,'Jaipur','2024-11-15 18:30:00'),(31,'Ishaan Kashyap','M',27,'Ahmedabad','2025-01-11 18:30:00'),(32,'Purab Reddy','F',56,'Mumbai','2025-05-07 18:30:00'),(33,'Piya Gaba','F',56,'Nagpur','2025-07-19 18:30:00'),(34,'Manikya Tara','F',53,'Jaipur','2024-10-27 18:30:00'),(35,'Zara Dugar','M',52,'Jaipur','2025-03-07 18:30:00'),(36,'Priyansh Bali','F',25,'Nashik','2025-06-01 18:30:00'),(37,'Jiya Vora','M',47,'Mumbai','2025-03-05 18:30:00'),(38,'Lakshit Sagar','M',50,'Mumbai','2025-09-07 18:30:00'),(39,'Vivaan Wagle','F',58,'Surat','2025-08-29 18:30:00'),(40,'Hridaan Deo','M',27,'Nashik','2025-01-12 18:30:00'),(41,'Nishith Sharma','M',56,'Nashik','2025-06-29 18:30:00'),(42,'Siya Master','M',25,'Nashik','2025-03-28 18:30:00'),(43,'Keya Iyengar','M',21,'Pune','2025-08-08 18:30:00'),(44,'Madhup Biswas','M',23,'Ahmedabad','2025-06-27 18:30:00'),(45,'Divij Shroff','M',52,'Jaipur','2024-12-25 18:30:00'),(46,'Faiyaz Bose','M',60,'Nagpur','2025-07-30 18:30:00'),(47,'Vritika Sangha','M',34,'Surat','2025-08-28 18:30:00'),(48,'Kimaya Balay','F',31,'Surat','2025-10-10 18:30:00'),(49,'Vaibhav Raju','M',37,'Nagpur','2025-09-30 18:30:00'),(50,'Eva Dass','F',46,'Surat','2025-06-10 18:30:00'),(51,'Pihu Sen','M',33,'Pune','2024-11-23 18:30:00'),(52,'Pihu Wali','F',19,'Surat','2025-08-01 18:30:00'),(53,'Tiya Rege','M',55,'Pune','2024-10-25 18:30:00'),(54,'Faiyaz Din','M',58,'Mumbai','2025-02-16 18:30:00'),(55,'Indranil Karan','M',20,'Jaipur','2025-04-09 18:30:00'),(56,'Saira Vora','M',50,'Pune','2025-03-13 18:30:00'),(57,'Damini Singh','F',31,'Surat','2024-12-28 18:30:00'),(58,'Dishani Bera','F',33,'Jaipur','2025-06-21 18:30:00'),(59,'Navya Kulkarni','F',30,'Mumbai','2024-12-10 18:30:00'),(60,'Indrans Grover','F',40,'Nagpur','2025-05-20 18:30:00'),(61,'Hrishita Sood','F',21,'Ahmedabad','2025-09-21 18:30:00'),(62,'Kismat Edwin','M',21,'Nagpur','2025-04-13 18:30:00'),(63,'Advik Bhalla','M',33,'Pune','2025-01-27 18:30:00'),(64,'Zara Dube','F',26,'Nagpur','2025-01-23 18:30:00'),(65,'Bhavin Dara','F',47,'Pune','2024-11-29 18:30:00'),(66,'Dharmajan Setty','F',53,'Mumbai','2024-11-16 18:30:00'),(67,'Darshit Sidhu','M',23,'Jaipur','2025-02-20 18:30:00'),(68,'Gokul Sahni','M',44,'Nagpur','2025-06-25 18:30:00'),(69,'Ira Butala','M',43,'Mumbai','2025-01-14 18:30:00'),(70,'Eva Viswanathan','F',18,'Nagpur','2025-03-06 18:30:00'),(71,'Lakshit Madan','F',36,'Nagpur','2025-10-13 18:30:00'),(72,'Riya Dugal','F',27,'Pune','2025-03-22 18:30:00'),(73,'Oorja Sachar','M',21,'Surat','2025-07-26 18:30:00'),(74,'Advika Yogi','M',38,'Mumbai','2024-11-16 18:30:00'),(75,'Fateh Dasgupta','F',50,'Jaipur','2025-07-20 18:30:00'),(76,'Chirag Gara','M',21,'Surat','2024-12-02 18:30:00'),(77,'Khushi Malhotra','M',22,'Surat','2024-11-25 18:30:00'),(78,'Khushi Choudhary','M',43,'Mumbai','2025-08-09 18:30:00'),(79,'Devansh Sathe','M',55,'Surat','2024-11-11 18:30:00'),(80,'Manikya Bandi','M',44,'Ahmedabad','2025-08-16 18:30:00'),(81,'Shalv Banik','F',34,'Pune','2025-09-29 18:30:00'),(82,'Ranbir Sami','F',33,'Nashik','2025-05-12 18:30:00'),(83,'Lakshit Madan','M',60,'Ahmedabad','2025-03-24 18:30:00'),(84,'Samaira Wadhwa','F',38,'Jaipur','2024-11-28 18:30:00'),(85,'Nirvaan Srinivasan','M',47,'Surat','2025-08-06 18:30:00'),(86,'Zara Jani','M',22,'Surat','2025-02-08 18:30:00'),(87,'Divit Bava','F',26,'Nashik','2024-11-26 18:30:00'),(88,'Sumer Kakar','M',41,'Nashik','2025-01-10 18:30:00'),(89,'Anahita Venkatesh','F',52,'Ahmedabad','2025-03-25 18:30:00'),(90,'Pari Sachdeva','M',60,'Jaipur','2025-08-01 18:30:00'),(91,'Biju Jaggi','F',60,'Mumbai','2024-12-29 18:30:00'),(92,'Yasmin Venkataraman','F',25,'Mumbai','2025-08-01 18:30:00'),(93,'Nishith Char','M',35,'Nashik','2025-08-27 18:30:00'),(94,'Heer Kapur','M',39,'Pune','2025-10-08 18:30:00'),(95,'Aarna Chand','F',50,'Nagpur','2025-02-27 18:30:00'),(96,'Anahi Dash','M',23,'Ahmedabad','2025-05-26 18:30:00'),(97,'Ahana  Swamy','F',20,'Mumbai','2025-04-10 18:30:00'),(98,'Badal Sachdev','M',58,'Nashik','2025-01-12 18:30:00'),(99,'Divij Shetty','F',53,'Ahmedabad','2025-05-28 18:30:00'),(100,'Ivan Jani','M',25,'Mumbai','2025-10-10 18:30:00'),(101,'Anya Chhabra','M',52,'Mumbai','2025-04-29 18:30:00'),(102,'Biju Butala','M',45,'Pune','2024-11-12 18:30:00'),(103,'Aarav Hayer','F',41,'Jaipur','2024-11-11 18:30:00'),(104,'Vardaniya Srinivasan','F',31,'Ahmedabad','2025-02-26 18:30:00'),(105,'Reyansh Kakar','M',40,'Jaipur','2025-08-04 18:30:00'),(106,'Indrans Chandran','F',57,'Ahmedabad','2025-01-09 18:30:00'),(107,'Madhav Balakrishnan','M',28,'Jaipur','2025-01-20 18:30:00'),(108,'Siya Dugar','F',19,'Pune','2025-04-10 18:30:00'),(109,'Badal Master','F',60,'Jaipur','2025-02-26 18:30:00'),(110,'Damini Varkey','F',28,'Jaipur','2025-10-16 18:30:00'),(111,'Bhavin Kumar','M',42,'Jaipur','2024-11-10 18:30:00'),(112,'Kabir Banerjee','F',32,'Pune','2025-06-14 18:30:00'),(113,'Pari Venkataraman','F',37,'Jaipur','2025-02-15 18:30:00'),(114,'Yuvaan Bhasin','M',19,'Ahmedabad','2025-01-28 18:30:00'),(115,'Kavya Rajan','F',39,'Nashik','2024-11-26 18:30:00'),(116,'Miraya Baria','F',40,'Ahmedabad','2025-07-09 18:30:00'),(117,'Nirvi Manne','F',52,'Nashik','2024-11-05 18:30:00'),(118,'Pranay Chaudry','M',34,'Pune','2025-08-15 18:30:00'),(119,'Nakul Deo','F',20,'Mumbai','2025-08-23 18:30:00'),(120,'Hansh Sampath','F',40,'Ahmedabad','2025-03-31 18:30:00'),(121,'Amira Dugar','F',56,'Surat','2024-12-20 18:30:00'),(122,'Aayush Karnik','F',54,'Pune','2025-03-01 18:30:00'),(123,'Devansh Luthra','M',45,'Mumbai','2025-07-15 18:30:00'),(124,'Dishani Deo','M',41,'Nagpur','2024-11-26 18:30:00'),(125,'Stuvan Wadhwa','F',57,'Nashik','2025-09-26 18:30:00'),(126,'Nirvaan Goyal','M',37,'Surat','2025-03-29 18:30:00'),(127,'Indranil Kanda','F',38,'Nagpur','2025-10-13 18:30:00'),(128,'Manjari Swamy','F',53,'Pune','2025-01-28 18:30:00'),(129,'Nitya Taneja','F',60,'Nagpur','2025-10-03 18:30:00'),(130,'Nitara Ben','M',57,'Surat','2025-03-25 18:30:00'),(131,'Prerak Bhardwaj','F',53,'Jaipur','2024-10-22 18:30:00'),(132,'Shanaya Malhotra','F',36,'Pune','2025-05-30 18:30:00'),(133,'Purab Dhaliwal','F',47,'Nagpur','2025-06-05 18:30:00'),(134,'Saanvi Garg','M',50,'Nagpur','2025-01-16 18:30:00'),(135,'Piya Ravel','M',36,'Surat','2025-09-26 18:30:00'),(136,'Dishani Konda','F',23,'Jaipur','2025-02-19 18:30:00'),(137,'Baiju Batra','F',32,'Jaipur','2025-01-31 18:30:00'),(138,'Raghav Bains','M',19,'Mumbai','2025-02-24 18:30:00'),(139,'Shamik Solanki','F',57,'Jaipur','2024-11-28 18:30:00'),(140,'Navya Deep','F',44,'Ahmedabad','2025-08-12 18:30:00'),(141,'Seher Kant','M',42,'Nagpur','2025-05-14 18:30:00'),(142,'Jhanvi Agrawal','M',27,'Ahmedabad','2025-10-09 18:30:00'),(143,'Dhanuk Wagle','M',24,'Jaipur','2025-05-27 18:30:00'),(144,'Inaaya  Badami','M',29,'Jaipur','2025-10-13 18:30:00'),(145,'Keya Majumdar','F',21,'Surat','2025-02-26 18:30:00'),(146,'Adah Bhatt','M',47,'Pune','2025-06-16 18:30:00'),(147,'Ryan Gopal','F',46,'Surat','2025-07-07 18:30:00'),(148,'Taimur Cheema','F',53,'Nagpur','2025-01-11 18:30:00'),(149,'Nitya Behl','F',46,'Nashik','2025-02-25 18:30:00'),(150,'Vanya Mammen','F',51,'Nagpur','2025-09-07 18:30:00'),(151,'Miraya Shere','M',35,'Nagpur','2024-11-30 18:30:00'),(152,'Miraan Venkatesh','F',33,'Nashik','2025-04-11 18:30:00'),(153,'Yasmin Tak','F',52,'Mumbai','2024-12-31 18:30:00'),(154,'Zain Arora','M',32,'Nagpur','2025-10-12 18:30:00'),(155,'Sara Ganesan','M',31,'Mumbai','2025-05-22 18:30:00'),(156,'Zaina Sami','F',39,'Surat','2025-06-17 18:30:00'),(157,'Priyansh Buch','F',21,'Pune','2025-05-25 18:30:00'),(158,'Vaibhav Viswanathan','F',55,'Ahmedabad','2024-11-01 18:30:00'),(159,'Anaya Choudhry','F',48,'Mumbai','2025-04-20 18:30:00'),(160,'Amira Gill','F',42,'Jaipur','2025-05-24 18:30:00'),(161,'Yashvi Viswanathan','M',49,'Pune','2025-03-10 18:30:00'),(162,'Mamooty Arora','F',49,'Mumbai','2025-05-09 18:30:00'),(163,'Yakshit Gala','F',60,'Ahmedabad','2025-05-17 18:30:00'),(164,'Darshit Som','M',47,'Pune','2025-09-05 18:30:00'),(165,'Stuvan Rege','M',43,'Surat','2025-08-06 18:30:00'),(166,'Parinaaz Upadhyay','M',23,'Ahmedabad','2025-05-29 18:30:00'),(167,'Aniruddh Bhardwaj','M',47,'Pune','2024-11-16 18:30:00'),(168,'Jayesh Mannan','F',42,'Nashik','2025-02-07 18:30:00'),(169,'Armaan Bhagat','F',38,'Nashik','2025-05-04 18:30:00'),(170,'Shray Sethi','F',44,'Nashik','2024-12-02 18:30:00'),(171,'Adira Raman','F',19,'Ahmedabad','2025-07-25 18:30:00'),(172,'Veer Yogi','M',40,'Pune','2025-09-19 18:30:00'),(173,'Onkar Bains','M',59,'Mumbai','2024-11-06 18:30:00'),(174,'Aarav Lad','M',30,'Jaipur','2024-11-01 18:30:00'),(175,'Tejas Kale','M',33,'Pune','2025-06-21 18:30:00'),(176,'Nitya Gandhi','M',54,'Pune','2025-06-17 18:30:00'),(177,'Nitara Vala','F',41,'Pune','2025-08-28 18:30:00'),(178,'Saira Yogi','M',28,'Nashik','2024-12-16 18:30:00'),(179,'Dishani Dubey','M',37,'Surat','2025-10-03 18:30:00'),(180,'Shaan Jaggi','F',43,'Ahmedabad','2025-01-31 18:30:00'),(181,'Ishita Bhatt','M',55,'Ahmedabad','2025-09-08 18:30:00'),(182,'Aaina Salvi','M',24,'Ahmedabad','2025-03-25 18:30:00'),(183,'Parinaaz Shere','M',54,'Jaipur','2024-11-12 18:30:00'),(184,'Mannat Mane','F',52,'Nagpur','2025-09-25 18:30:00'),(185,'Yuvaan Mahal','F',22,'Surat','2025-09-18 18:30:00'),(186,'Romil Dhar','F',18,'Jaipur','2025-05-25 18:30:00'),(187,'Adah Srivastava','F',24,'Nagpur','2025-04-25 18:30:00'),(188,'Anahita Kant','F',27,'Nagpur','2025-01-20 18:30:00'),(189,'Pari Chhabra','F',57,'Jaipur','2025-07-24 18:30:00'),(190,'Yashvi Yohannan','F',47,'Nagpur','2025-08-21 18:30:00'),(191,'Nirvi Basak','F',38,'Jaipur','2025-02-24 18:30:00'),(192,'Drishya Saini','M',35,'Nagpur','2025-02-23 18:30:00'),(193,'Divij Tank','F',54,'Surat','2025-09-29 18:30:00'),(194,'Pari Dubey','F',39,'Mumbai','2025-07-02 18:30:00'),(195,'Zara Chaudhary','F',29,'Nagpur','2025-02-07 18:30:00'),(196,'Anay Bajaj','F',34,'Nashik','2025-03-14 18:30:00'),(197,'Anika Ramaswamy','F',53,'Mumbai','2025-07-13 18:30:00'),(198,'Amani Johal','M',23,'Pune','2025-05-18 18:30:00'),(199,'Saanvi Sarin','F',53,'Jaipur','2025-02-22 18:30:00'),(200,'Bhamini Iyengar','F',59,'Ahmedabad','2025-06-30 18:30:00');


---------------------------------------
/*
CREATE 3RD TABLE- SUPPLIERS
*/ 

-- Drop the table if it already exists
IF OBJECT_ID('suppliers', 'U') IS NOT NULL
    DROP TABLE dbo.suppliers;
GO

-- Create the suppliers table
CREATE TABLE suppliers (
    supplier_id INT NOT NULL PRIMARY KEY,
    supplier_name VARCHAR(531) NULL,
    contact_number BIGINT NULL,
    city VARCHAR(531) NULL
);
GO

INSERT INTO suppliers 
VALUES (1,'FreshFarm Foods',9876543210,'Mumbai'),(2,'GreenLeaf Distributors',9898989898,'Pune'),(3,'GreenLeaf Distributors',9123456789,'Delhi'),(4,'UrbanPro Wholesale',9000012345,'Hyderabad'),(5,'SmartChoice Traders',9567890123,'Bangalore'),(6,'MetroMart Suppliers',9823456789,'Chennai'),(7,'AgroPure Products',9723456789,'Kolkata'),(8,'PureEssence Goods',9654321987,'Ahmedabad'),(9,'ValuePlus Wholesalers',9543219876,'Jaipur'),(10,'QualityFirst Imports',9876012345,'Lucknow');


--------------------------
/*
CREATE 4TH TABLE- PRODUCTS
*/ 
-- Drop table if it exists
IF OBJECT_ID('products', 'U') IS NOT NULL
    DROP TABLE products;
GO

-- Create table
CREATE TABLE products (
    product_id INT NOT NULL PRIMARY KEY,
    product_name VARCHAR(531) NULL,
    category VARCHAR(531) NULL,
    cost_price DECIMAL(7,2) NULL,
    selling_price DECIMAL(7,2) NULL,
    supplier_id INT NULL,
    CONSTRAINT FK_products_supplier FOREIGN KEY (supplier_id) REFERENCES suppliers(supplier_id)
);
GO

INSERT INTO products 
VALUES (1,'Tata Salt','Grocery',131.49,136.74,5),(2,'Fortune Oil','Dairy',56.53,62.51,2),(3,'Amul Milk','Snacks',138.57,166.41,2),(4,'Colgate Toothpaste','Beverages',122.19,130.73,2),(5,'Maggi Noodles','Personal Care',51.54,76.70,1),(6,'Parle-G Biscuits','Home Care',116.64,136.81,9),(7,'Surf Excel','Bakery',89.71,110.94,5),(8,'Dettol Handwash','Frozen Foods',163.79,173.89,3),(9,'Coca Cola','Health',142.65,169.56,3),(10,'Britannia Bread','Stationery',50.91,67.36,2),(11,'Dove Shampoo','Grocery',27.62,33.59,6),(12,'Patanjali Soap','Dairy',124.71,135.36,8),(13,'Nescafe Coffee','Snacks',111.88,141.34,7),(14,'Red Label Tea','Beverages',24.97,37.95,10),(15,'Basmati Rice','Personal Care',178.24,199.09,4),(16,'Kelloggs Cornflakes','Home Care',143.87,152.65,4),(17,'Good Day Cookies','Bakery',156.88,191.51,4),(18,'Lifebuoy Soap','Frozen Foods',174.63,190.33,8),(19,'Vim Bar','Health',130.78,158.55,6),(20,'Ariel Detergent','Stationery',77.50,92.55,2),(21,'Nestle Yogurt','Grocery',125.73,132.44,4),(22,'Lays Chips','Dairy',41.05,48.71,9),(23,'Pepsi','Snacks',51.73,68.22,1),(24,'Sprite','Beverages',53.52,62.07,6),(25,'Horlicks','Personal Care',86.22,98.21,10),(26,'Complan','Home Care',176.51,189.86,8),(27,'Butter','Bakery',85.17,118.03,8),(28,'Cheese Slices','Frozen Foods',37.15,49.24,9),(29,'Toor Dal','Health',112.41,153.56,7),(30,'Moong Dal','Stationery',180.59,191.58,4),(31,'Sugar','Grocery',199.49,205.87,8),(32,'Brown Bread','Dairy',27.27,32.60,2),(33,'Chocolate Cake','Snacks',39.04,52.24,7),(34,'Eggs 6pc','Beverages',123.32,137.86,10),(35,'Paneer 200g','Personal Care',199.26,225.13,9),(36,'Curd 500g','Home Care',173.55,181.75,2),(37,'Toothbrush','Bakery',139.52,162.94,5),(38,'Facewash','Frozen Foods',156.03,171.13,5),(39,'Shaving Cream','Health',92.61,123.49,5),(40,'Tissue Roll','Stationery',194.66,211.09,9),(41,'Air Freshener','Grocery',183.40,197.11,5),(42,'Floor Cleaner','Dairy',169.92,178.47,4),(43,'Toilet Cleaner','Snacks',39.04,64.29,9),(44,'Mop Refill','Beverages',191.16,214.84,1),(45,'Broom','Personal Care',123.80,148.46,2),(46,'Room Spray','Home Care',186.53,209.47,5),(47,'Burger Bun','Bakery',55.50,71.52,10),(48,'Croissant','Frozen Foods',189.92,201.20,8),(49,'Cupcake','Health',165.04,214.27,9),(50,'Donut','Stationery',155.51,162.44,8),(51,'Pastry','Grocery',189.90,196.55,9),(52,'Frozen Peas','Dairy',175.76,183.72,4),(53,'Frozen Fries','Snacks',186.49,211.60,4),(54,'Ice Cream','Beverages',145.46,160.24,6),(55,'Veg Nuggets','Personal Care',93.24,118.77,2),(56,'Chicken Sausage','Home Care',57.10,66.19,1),(57,'Vitamin C Tablets','Bakery',121.78,137.53,4),(58,'Protein Powder','Frozen Foods',11.37,31.99,1),(59,'Band Aid','Health',53.50,100.19,6),(60,'Pain Relief Spray','Stationery',23.46,32.03,8),(61,'Dettol Antiseptic','Grocery',50.70,57.02,10),(62,'Notebook','Dairy',119.48,126.18,8),(63,'Pen','Snacks',163.42,177.23,2),(64,'Pencil','Beverages',135.21,149.23,7),(65,'Eraser','Personal Care',98.73,130.60,2),(66,'Marker','Home Care',21.52,41.90,2),(67,'Glue Stick','Bakery',57.24,72.00,8),(68,'Stapler','Frozen Foods',36.63,49.38,8),(69,'Highlighter','Health',57.46,104.77,8),(70,'Scale','Stationery',163.52,181.36,2),(71,'Calculator','Grocery',19.61,34.60,1),(72,'Rice Bran Oil','Dairy',194.11,205.59,4),(73,'Sunflower Oil','Snacks',41.60,61.31,4),(74,'Refined Oil','Beverages',174.28,197.62,3),(75,'Salted Butter','Personal Care',82.00,121.56,5),(76,'Ghee','Home Care',186.04,207.39,5),(77,'Coconut Water','Bakery',90.37,124.30,9),(78,'Juice','Frozen Foods',135.76,153.06,4),(79,'Energy Drink','Health',66.37,115.27,10),(80,'Green Tea','Stationery',149.79,155.70,6),(81,'Black Coffee','Grocery',20.86,31.70,9),(82,'Tooth Powder','Dairy',184.68,193.40,1),(83,'Face Cream','Snacks',192.55,204.15,3),(84,'Hair Oil','Beverages',23.02,32.18,4),(85,'Body Lotion','Personal Care',86.72,124.97,10),(86,'Deodorant','Home Care',56.78,74.89,10),(87,'Hand Sanitizer','Bakery',25.58,52.01,10),(88,'Dishwasher Liquid','Frozen Foods',109.33,133.35,4),(89,'Laundry Powder','Health',137.25,163.25,5),(90,'Toilet Soap','Stationery',85.20,100.28,5),(91,'Shaving Razor','Grocery',96.87,111.16,2),(92,'Fruit Jam','Dairy',11.77,21.12,10),(93,'Honey','Snacks',199.26,210.73,4),(94,'Pickle','Beverages',106.12,116.37,6),(95,'Vinegar','Personal Care',177.36,213.74,6),(96,'Sauce','Home Care',64.15,79.60,9),(97,'Instant Soup','Bakery',143.67,168.96,9),(98,'Biscuits','Frozen Foods',11.49,33.75,5),(99,'Chocolates','Health',187.03,205.66,3),(100,'Soft Drink','Stationery',60.25,78.60,9),(101,'Gokul Milk','Food',60.00,84.00,2);

-----------------------
/*
CREATE 5TH TABLE- STORES
*/ 
-- Drop the table if it already exists
IF OBJECT_ID('stores', 'U') IS NOT NULL
    DROP TABLE stores;
GO

-- Create the stores table
CREATE TABLE stores (
    store_id INT NOT NULL PRIMARY KEY,
    store_name VARCHAR(531) NULL,
    location VARCHAR(531) NULL,     
    manager_name VARCHAR(531) NULL,
    area_sqft INT NULL
);
GO

INSERT INTO stores 
VALUES (1,'DMart Andheri','Mumbai','Ravi Nair',12000),(2,'DMart Baner','Pune','Priya Joshi',9500),(3,'DMart Dwarka','Delhi','Amit Singh',10500),(4,'DMart Kukatpally','Hyderabad','Sunita Rao',11000),(5,'DMart Whitefield','Bangalore','Manoj Pillai',10000),(6,'DMart T Nagar','Chennai','Karthik Iyer',9700),(7,'DMart Salt Lake','Kolkata','Ananya Das',9800),(8,'DMart SG Highway','Ahmedabad','Rohit Patel',9400),(9,'DMart Mansarovar','Jaipur','Pooja Sharma',10100),(10,'DMart Alambagh','Lucknow','Sanjay Verma',9600);


------------------------------
/*
CREATE 6TH TABLE- INVENTORY
*/ 
-- Drop table if it already exists
IF OBJECT_ID('inventory', 'U') IS NOT NULL
    DROP TABLE inventory;
GO

-- Create the inventory table
CREATE TABLE inventory (
    inventory_id INT NOT NULL PRIMARY KEY,
    product_id INT NULL,
    store_id INT NULL,
    stock_left INT NULL,
    reorder_level INT NULL,
    CONSTRAINT FK_inventory_product FOREIGN KEY (product_id) REFERENCES products(product_id),
    CONSTRAINT FK_inventory_store FOREIGN KEY (store_id) REFERENCES stores(store_id)
);
GO
INSERT INTO inventory 
VALUES (1,82,2,12,55),(2,32,4,71,33),(3,87,9,44,95),(4,55,1,15,31),(5,28,4,258,97),(6,4,9,101,89),(7,54,4,229,95),(8,36,1,388,40),(9,90,7,174,55),(10,20,4,490,63),(11,14,2,194,32),(12,46,6,309,53),(13,6,8,274,35),(14,49,2,282,57),(15,81,10,453,66),(16,74,4,360,28),(17,6,4,395,57),(18,11,4,443,32),(19,49,5,232,66),(20,21,6,181,46),(21,86,5,359,29),(22,78,3,273,51),(23,21,8,194,54),(24,82,9,112,61),(25,99,1,117,24),(26,41,7,137,28),(27,28,10,448,60),(28,28,8,202,78),(29,19,5,71,51),(30,96,9,275,53),(31,96,10,219,94),(32,52,6,112,37),(33,66,8,46,26),(34,15,3,321,40),(35,88,7,305,28),(36,50,7,305,79),(37,68,5,497,90),(38,2,2,349,88),(39,97,5,393,63),(40,15,5,222,40),(41,59,1,488,53),(42,65,3,259,33),(43,81,5,430,84),(44,78,4,78,67),(45,98,3,276,87),(46,1,10,165,82),(47,3,2,475,66),(48,40,4,29,50),(49,73,2,43,82),(50,9,9,392,36),(51,17,8,484,90),(52,22,5,270,97),(53,55,4,475,89),(54,97,4,365,59),(55,52,6,224,86),(56,58,2,126,48),(57,9,6,10,95),(58,71,4,301,48),(59,1,2,362,100),(60,8,4,34,24),(61,43,2,263,50),(62,36,8,109,89),(63,17,10,295,80),(64,32,8,413,72),(65,25,2,49,75),(66,46,7,210,79),(67,94,1,344,32),(68,8,7,372,63),(69,14,4,98,44),(70,69,8,71,74),(71,24,5,236,51),(72,10,8,413,90),(73,13,1,333,89),(74,2,2,474,50),(75,22,7,248,81),(76,28,7,462,27),(77,22,7,1,69),(78,34,8,146,74),(79,90,9,338,82),(80,20,4,151,47),(81,8,10,376,89),(82,8,6,29,26),(83,75,8,257,87),(84,21,1,491,85),(85,11,3,35,96),(86,9,4,206,35),(87,73,4,296,96),(88,6,10,41,73),(89,85,10,289,86),(90,41,5,104,60),(91,31,5,202,36),(92,86,5,234,60),(93,97,2,4,78),(94,80,10,51,29),(95,69,4,259,53),(96,17,6,451,28),(97,32,6,145,40),(98,57,9,360,58),(99,79,9,4,90),(100,39,2,480,37),(101,34,2,455,33),(102,96,9,79,54),(103,37,10,107,63),(104,27,5,258,82),(105,33,1,47,74),(106,36,1,1,62),(107,99,3,326,53),(108,21,8,282,74),(109,72,1,57,29),(110,89,3,279,24),(111,48,10,282,38),(112,56,3,21,59),(113,47,1,460,65),(114,27,4,341,33),(115,46,9,452,72),(116,80,3,473,50),(117,21,3,451,72),(118,4,3,377,62),(119,53,4,136,40),(120,90,2,195,24),(121,61,4,102,78),(122,45,5,420,49),(123,29,1,337,44),(124,52,6,142,28),(125,99,5,179,85),(126,52,9,169,23),(127,15,5,91,94),(128,34,1,55,96),(129,56,6,373,60),(130,56,10,261,34),(131,50,10,97,52),(132,6,7,0,86),(133,69,4,186,75),(134,9,6,319,60),(135,85,2,368,58),(136,65,5,341,72),(137,42,7,356,57),(138,71,3,98,73),(139,86,7,346,42),(140,79,10,154,71),(141,71,1,155,56),(142,27,7,402,94),(143,78,6,238,76),(144,57,4,261,80),(145,95,3,337,30),(146,37,9,339,99),(147,43,2,419,50),(148,87,5,115,45),(149,19,1,23,51),(150,61,10,435,29),(151,59,7,453,100),(152,74,4,367,69),(153,64,7,124,38),(154,84,1,457,33),(155,100,7,112,42),(156,90,9,237,26),(157,72,4,469,35),(158,59,3,410,79),(159,86,9,286,96),(160,41,8,313,84),(161,55,9,228,40),(162,96,8,230,53),(163,97,4,430,55),(164,99,9,248,100),(165,31,5,225,29),(166,92,5,120,54),(167,43,6,457,89),(168,11,3,77,49),(169,50,3,361,47),(170,9,7,208,62),(171,70,8,212,27),(172,27,7,199,94),(173,90,1,438,93),(174,49,8,3,65),(175,39,7,436,73),(176,69,9,409,97),(177,29,8,112,54),(178,56,8,14,69),(179,44,7,370,41),(180,60,3,318,88),(181,4,7,303,92),(182,85,1,42,74),(183,18,8,93,26),(184,34,7,167,47),(185,59,6,172,68),(186,36,7,129,30),(187,61,1,383,89),(188,7,6,114,28),(189,100,1,386,23),(190,32,4,429,22),(191,80,3,122,36),(192,61,2,288,47),(193,60,5,392,67),(194,22,10,310,34),(195,100,3,493,59),(196,14,10,13,59),(197,74,7,203,45),(198,10,10,353,100),(199,32,2,356,58),(200,88,10,412,35),(201,73,1,177,88),(202,55,6,35,84),(203,83,6,6,73),(204,63,2,221,66),(205,82,8,362,39),(206,56,3,375,86),(207,84,5,315,88),(208,100,8,238,75),(209,94,10,137,61),(210,32,2,142,77),(211,32,8,291,98),(212,86,7,172,23),(213,64,6,93,82),(214,28,6,408,53),(215,44,5,450,96),(216,90,5,284,21),(217,67,4,43,50),(218,93,7,250,91),(219,98,4,353,80),(220,83,8,229,22),(221,12,5,113,71),(222,89,4,156,94),(223,48,8,283,87),(224,45,7,381,90),(225,43,6,359,78),(226,35,5,128,49),(227,16,4,161,35),(228,96,9,486,43),(229,25,4,378,81),(230,36,10,500,87),(231,77,5,51,44),(232,38,4,184,42),(233,39,1,362,88),(234,17,5,23,26),(235,71,5,357,36),(236,82,8,52,21),(237,74,5,240,81),(238,57,6,94,26),(239,33,8,58,28),(240,52,8,37,93),(241,81,1,77,39),(242,73,5,43,51),(243,16,9,391,73),(244,78,10,404,99),(245,29,9,194,77),(246,57,5,440,95),(247,55,5,291,99),(248,8,10,491,32),(249,98,4,320,47),(250,34,2,80,50),(251,23,9,38,40),(252,1,7,230,96),(253,61,5,16,49),(254,37,5,359,78),(255,10,4,473,53),(256,81,10,338,45),(257,55,2,278,48),(258,83,3,465,54),(259,19,2,30,41),(260,40,10,383,92),(261,37,8,63,79),(262,89,5,358,71),(263,35,9,276,83),(264,57,2,306,25),(265,56,6,309,52),(266,4,2,117,93),(267,76,1,391,54),(268,74,1,390,42),(269,61,9,333,76),(270,36,3,299,75),(271,82,8,496,31),(272,61,6,209,62),(273,42,2,439,40),(274,43,7,355,83),(275,37,7,416,90),(276,5,8,45,60),(277,33,6,59,71),(278,66,1,336,89),(279,60,7,27,44),(280,67,6,318,83),(281,81,8,389,26),(282,27,5,281,36),(283,37,8,450,82),(284,16,1,498,100),(285,78,4,363,40),(286,40,9,7,90),(287,53,2,115,34),(288,60,2,331,39),(289,64,5,260,54),(290,54,8,241,51),(291,59,9,74,69),(292,25,10,260,37),(293,9,5,395,73),(294,44,9,136,20),(295,37,5,428,95),(296,75,8,443,39),(297,58,9,247,64),(298,43,9,390,89),(299,49,8,477,61),(300,25,4,292,69),(301,30,7,22,60),(302,96,8,361,68),(303,50,3,253,24),(304,17,9,494,95),(305,43,2,447,76),(306,13,9,466,78),(307,2,3,209,39),(308,10,8,400,53),(309,44,10,354,70),(310,84,2,436,62),(311,87,9,194,60),(312,81,8,446,89),(313,5,10,35,50),(314,81,5,116,31),(315,56,2,389,32),(316,57,3,355,58),(317,4,1,166,27),(318,38,6,191,75),(319,19,4,271,72),(320,73,3,87,42),(321,11,10,445,68),(322,80,4,254,94),(323,19,4,236,52),(324,59,5,341,21),(325,60,5,346,89),(326,21,2,226,64),(327,76,5,327,74),(328,89,5,233,58),(329,26,7,436,81),(330,14,4,195,93),(331,46,10,151,57),(332,3,7,140,21),(333,73,1,466,97),(334,96,8,426,56),(335,100,4,310,65),(336,29,4,317,52),(337,87,3,321,32),(338,81,1,158,76),(339,5,10,186,36),(340,12,5,167,73),(341,23,4,67,89),(342,47,9,256,54),(343,22,5,467,81),(344,38,6,411,34),(345,60,2,72,48),(346,87,7,495,91),(347,47,2,404,70),(348,2,5,274,35),(349,59,6,344,53),(350,75,7,421,67),(351,14,4,241,23),(352,80,9,167,98),(353,29,2,325,79),(354,90,5,332,72),(355,15,3,23,24),(356,39,8,59,32),(357,31,9,69,69),(358,59,6,343,89),(359,54,10,380,39),(360,54,2,426,82),(361,79,7,480,55),(362,5,6,111,76),(363,57,4,437,66),(364,13,6,278,65),(365,8,7,141,44),(366,16,8,46,47),(367,83,10,497,22),(368,7,6,124,36),(369,73,4,35,90),(370,27,10,110,49),(371,43,3,403,96),(372,1,5,439,38),(373,17,9,128,42),(374,15,1,67,21),(375,46,4,301,61),(376,3,3,135,26),(377,17,7,269,34),(378,96,2,243,77),(379,100,6,262,95),(380,14,8,257,48),(381,79,1,372,86),(382,39,8,329,23),(383,8,8,433,71),(384,55,2,251,76),(385,10,2,164,97),(386,19,2,64,55),(387,80,10,280,61),(388,49,10,271,57),(389,59,9,309,75),(390,13,2,436,90),(391,93,4,220,77),(392,30,7,173,78),(393,52,7,373,32),(394,41,7,160,52),(395,48,3,351,80),(396,9,2,425,30),(397,12,7,49,67),(398,17,9,30,95),(399,72,9,168,35),(400,53,6,447,74),(401,93,1,495,56),(402,77,5,180,33),(403,74,9,108,39),(404,85,8,114,33),(405,45,9,188,34),(406,98,5,293,48),(407,55,9,498,99),(408,79,9,13,97),(409,85,5,14,43),(410,35,5,471,63),(411,45,1,92,38),(412,73,7,35,38),(413,95,1,46,87),(414,28,7,214,78),(415,44,3,189,59),(416,93,6,397,92),(417,77,2,452,26),(418,20,3,386,99),(419,7,2,139,76),(420,85,7,248,97),(421,57,7,139,47),(422,97,9,58,64),(423,56,2,145,95),(424,63,9,341,59),(425,6,4,202,96),(426,8,1,104,58),(427,28,3,391,52),(428,38,6,61,20),(429,64,7,89,36),(430,49,9,360,49),(431,65,9,426,65),(432,10,7,441,25),(433,56,1,235,29),(434,41,10,219,93),(435,52,7,148,34),(436,52,1,494,61),(437,22,10,235,66),(438,12,7,432,33),(439,32,7,301,71),(440,68,2,202,59),(441,96,6,113,62),(442,100,3,39,85),(443,82,2,271,85),(444,25,6,179,38),(445,31,2,74,52),(446,26,3,308,39),(447,98,2,90,100),(448,64,8,386,92),(449,98,10,229,92),(450,83,10,165,100),(451,41,3,225,28),(452,61,8,323,58),(453,36,10,28,65),(454,65,2,158,79),(455,58,1,29,67),(456,37,2,330,31),(457,79,10,259,69),(458,60,10,283,25),(459,58,10,333,44),(460,42,10,243,84),(461,20,1,230,33),(462,44,2,258,42),(463,6,4,362,76),(464,57,9,267,98),(465,21,6,190,56),(466,50,7,396,63),(467,87,10,26,100),(468,83,6,33,62),(469,13,9,347,69),(470,37,5,370,97),(471,20,6,41,94),(472,85,3,469,64),(473,40,7,66,96),(474,91,2,158,91),(475,49,6,416,36),(476,86,9,47,74),(477,66,6,9,66),(478,40,3,486,47),(479,44,8,98,48),(480,18,3,39,57),(481,13,9,394,89),(482,95,9,19,63),(483,99,10,67,96),(484,49,3,83,43),(485,89,10,414,41),(486,93,8,22,72),(487,47,4,496,76),(488,79,5,385,77),(489,30,9,122,59),(490,61,4,188,93),(491,57,8,393,56),(492,100,7,257,87),(493,54,3,418,45),(494,78,3,446,52),(495,7,8,447,67),(496,71,2,364,86),(497,16,5,42,40),(498,35,8,463,85),(499,19,7,46,48),(500,58,6,476,23);

--------------------------------------
/*
CREATE 7TH TABLE- SALES
*/ 
-- Drop the table if it already exists
IF OBJECT_ID('sales', 'U') IS NOT NULL
    DROP TABLE sales;
GO

-- Create the sales table
CREATE TABLE dbo.sales (
    sale_id INT NOT NULL PRIMARY KEY,
    sale_date DATE NULL,
    customer_id INT NULL,
    product_id INT NULL,
    store_id INT NULL,
    quantity INT NULL,
    discount DECIMAL(5,2) NULL,
    total_amount DECIMAL(10,2) NULL,
    -- Foreign keys
    CONSTRAINT FK_sales_calendar FOREIGN KEY (sale_date) REFERENCES calendar (sale_date),
    CONSTRAINT FK_sales_customer FOREIGN KEY (customer_id) REFERENCES customers(customer_id),
    CONSTRAINT FK_sales_product FOREIGN KEY (product_id) REFERENCES products(product_id),
    CONSTRAINT FK_sales_store FOREIGN KEY (store_id) REFERENCES stores(store_id)
    );
GO
INSERT INTO sales (sale_id, sale_date,customer_id, product_id,store_id, quantity, discount,total_amount)
VALUES
(1,'2025-01-06',175,93,2,9,15.02,1546.31),(2,'2025-11-25',88,15,5,7,3.16,1148.80),(3,'2025-01-02',185,93,5,9,15.24,1542.31),(4,'2025-09-17',28,81,5,9,12.18,1178.54),(5,'2025-03-20',96,98,3,9,19.07,1032.10),(6,'2025-09-29',1,77,6,8,0.39,1835.61),(7,'2025-07-05',79,31,1,4,17.56,678.12),(8,'2025-02-10',22,94,8,2,19.56,188.39),(9,'2025-09-30',197,17,3,8,18.94,458.48),(10,'2025-03-26',68,68,10,7,19.29,154.69),(11,'2025-10-04',194,94,4,5,7.98,538.78),(12,'2025-12-10',167,48,8,9,9.03,687.16),(13,'2025-05-07',58,9,6,1,11.77,103.26),(14,'2025-04-28',151,29,1,2,14.16,368.97),(15,'2025-01-31',59,9,1,6,1.42,692.27),(16,'2025-05-02',72,86,8,4,10.78,251.39),(17,'2025-10-20',148,61,4,8,16.15,1660.83),(18,'2025-04-08',25,13,7,6,8.47,143.34),(19,'2025-08-28',187,7,2,1,8.05,207.07),(20,'2025-06-23',28,32,4,4,10.73,670.74),(21,'2025-03-13',109,24,5,8,5.00,423.78),(22,'2025-02-08',114,71,2,1,13.04,59.59),(23,'2025-10-04',4,12,4,3,8.13,375.46),(24,'2025-09-04',55,52,1,3,7.58,189.06),(25,'2025-07-19',68,59,5,7,13.93,346.91),(26,'2025-10-12',170,92,8,3,3.80,474.20),(27,'2025-04-22',15,75,9,1,14.96,145.21),(28,'2025-01-30',13,75,8,9,18.39,1254.14),(29,'2025-09-29',41,8,9,2,17.03,66.38),(30,'2025-02-05',153,9,4,7,2.40,799.62),(31,'2025-10-19',64,75,10,1,12.39,149.59),(32,'2025-08-03',169,75,10,9,6.33,1439.47),(33,'2025-05-14',53,86,6,4,5.31,266.80),(34,'2025-03-09',172,83,5,8,6.32,1157.51),(35,'2025-02-07',3,59,10,10,19.92,461.10),(36,'2025-02-07',138,28,9,5,2.65,205.60),(37,'2025-06-28',18,32,6,5,3.15,909.62),(38,'2025-10-06',181,39,10,9,0.16,1960.57),(39,'2025-10-11',77,85,2,3,5.29,317.83),(40,'2025-02-24',191,71,3,5,5.64,323.32),(41,'2025-04-18',184,44,4,5,10.11,389.04),(42,'2025-05-09',14,12,7,5,0.88,675.16),(43,'2025-06-20',198,17,5,3,14.82,180.67),(44,'2025-10-10',181,55,9,1,2.24,165.26),(45,'2025-12-20',39,70,1,6,11.65,432.46),(46,'2025-03-17',111,17,1,5,7.29,327.73),(47,'2025-01-21',92,27,4,2,7.07,76.82),(48,'2025-10-14',105,80,3,4,17.29,253.82),(49,'2025-04-01',106,4,3,6,15.65,361.05),(50,'2025-07-30',172,95,4,5,3.18,167.55),(51,'2025-12-26',28,49,1,8,4.45,1270.51),(52,'2025-08-24',90,40,4,4,0.47,608.29),(53,'2025-04-09',103,43,5,2,19.34,116.83),(54,'2025-05-23',90,83,9,7,13.59,934.22),(55,'2025-10-02',85,4,2,5,3.57,343.97),(56,'2025-05-16',10,14,10,7,6.91,428.32),(57,'2025-06-10',112,78,9,2,7.70,231.75),(58,'2025-10-23',49,33,1,7,0.03,1003.01),(59,'2025-10-03',176,93,4,6,8.63,1108.39),(60,'2025-12-07',85,80,6,2,14.40,131.34),(61,'2025-06-03',130,40,7,6,8.05,842.94),(62,'2025-06-01',142,17,4,7,13.30,429.08),(63,'2025-07-14',174,96,3,10,11.38,955.06),(64,'2025-07-27',141,1,5,5,4.20,800.27),(65,'2025-10-24',156,84,6,8,8.84,1651.82),(66,'2025-12-12',55,66,8,3,13.18,516.96),(67,'2025-05-26',132,85,10,6,1.87,658.61),(68,'2025-05-01',173,40,4,4,2.95,593.13),(69,'2025-01-24',63,61,10,2,9.11,450.07),(70,'2025-11-19',148,25,7,8,7.99,1767.77),(71,'2025-03-17',168,89,1,2,15.57,69.08),(72,'2025-04-23',46,90,9,8,1.00,244.25),(73,'2025-05-08',32,59,3,8,13.35,399.14),(74,'2025-10-14',153,41,8,10,16.30,1523.76),(75,'2025-09-16',110,71,8,3,14.87,175.02),(76,'2025-09-01',116,34,4,5,15.32,1032.33),(77,'2025-09-24',125,81,4,5,8.80,679.94),(78,'2025-05-27',61,35,6,6,17.86,527.63),(79,'2025-02-11',36,20,4,7,13.88,129.55),(80,'2025-12-28',55,9,7,7,6.62,765.04),(81,'2025-08-27',107,8,4,7,7.79,258.19),(82,'2025-10-27',179,3,10,7,9.54,527.22),(83,'2025-06-30',77,97,7,7,10.76,1556.14),(84,'2025-10-07',155,29,8,4,5.46,812.74),(85,'2025-09-06',8,50,6,7,14.48,622.05),(86,'2025-08-28',33,80,9,1,18.14,62.80),(87,'2025-10-31',145,85,1,2,12.85,194.97),(88,'2025-03-11',119,24,1,5,7.58,257.67),(89,'2025-04-19',117,42,6,7,5.57,201.87),(90,'2025-08-04',65,11,8,1,14.98,59.76),(91,'2025-01-27',90,29,2,1,15.08,182.51),(92,'2025-05-07',52,3,10,3,4.77,237.87),(93,'2025-08-31',172,15,10,4,9.30,614.84),(94,'2025-05-12',197,48,3,10,12.14,737.41),(95,'2025-02-28',200,21,5,2,11.57,363.16),(96,'2025-06-09',148,87,7,7,18.83,1417.24),(97,'2025-04-12',20,76,4,2,13.94,191.05),(98,'2025-06-04',176,77,2,10,15.65,1943.00),(99,'2025-06-27',137,55,6,2,10.12,303.88),(100,'2025-06-24',4,54,8,2,8.67,430.04),(101,'2025-07-05',163,59,3,7,3.52,388.87),(102,'2025-09-25',167,35,10,9,15.49,814.29),(103,'2025-08-27',112,94,10,5,6.45,547.74),(104,'2025-05-06',23,36,8,4,15.01,499.64),(105,'2025-10-19',157,86,7,6,0.57,420.23),(106,'2025-06-16',47,63,4,6,15.96,746.78),(107,'2025-06-24',72,77,5,9,0.20,2069.00),(108,'2025-04-08',22,31,7,8,11.10,1462.51),(109,'2025-05-04',177,61,8,8,15.86,1666.58),(110,'2025-02-17',76,29,7,4,6.12,807.07),(111,'2025-10-25',95,61,9,9,6.88,2075.00),(112,'2025-10-09',85,46,8,5,6.13,345.16),(113,'2025-04-29',31,93,4,6,2.39,1184.09),(114,'2025-10-02',196,89,3,4,4.33,156.55),(115,'2025-09-05',71,93,10,9,11.94,1602.36),(116,'2025-02-21',50,38,4,6,3.59,938.61),(117,'2025-01-08',182,69,3,5,0.91,458.54),(118,'2025-01-28',142,38,3,8,2.05,1271.47),(119,'2025-01-07',147,37,8,8,8.81,1537.54),(120,'2025-04-05',14,33,8,2,16.44,239.53),(121,'2025-07-25',126,10,10,1,3.03,26.04),(122,'2025-10-16',78,11,4,2,11.16,124.89),(123,'2025-08-02',156,77,10,4,15.51,778.49),(124,'2025-07-14',116,57,5,10,19.80,476.07),(125,'2025-06-06',146,80,1,10,19.20,619.90),(126,'2025-02-20',196,27,4,5,13.21,179.35),(127,'2025-03-22',62,23,9,2,3.13,190.37),(128,'2025-07-29',116,89,10,8,5.83,308.20),(129,'2025-04-29',74,91,5,8,1.42,356.62),(130,'2025-04-30',68,81,10,4,8.50,545.74),(131,'2025-10-06',58,83,3,5,16.53,644.60),(132,'2025-02-06',16,22,5,10,14.98,1535.21),(133,'2025-10-19',74,57,2,8,13.77,409.49),(134,'2025-12-25',104,35,9,9,9.88,868.34),(135,'2025-02-11',154,6,7,6,12.07,926.64),(136,'2025-01-14',24,30,10,10,19.02,1286.45),(137,'2025-12-11',69,74,1,3,9.41,251.06),(138,'2025-11-30',114,36,3,10,8.72,1341.54),(139,'2025-09-09',24,61,6,7,6.67,1617.53),(140,'2025-12-10',27,21,6,7,13.87,1238.02),(141,'2025-05-28',170,52,9,1,9.10,61.98),(142,'2025-06-11',65,42,2,7,17.30,176.80),(143,'2025-01-01',169,70,8,7,1.08,564.89),(144,'2025-09-23',93,80,8,8,15.20,520.47),(145,'2025-04-15',69,71,3,5,8.76,312.63),(146,'2025-12-24',125,16,1,10,15.99,1221.00),(147,'2025-12-30',41,40,9,1,11.05,135.91),(148,'2025-02-17',58,15,8,2,12.95,295.05),(149,'2025-03-20',128,92,5,9,14.11,1270.13),(150,'2025-08-01',124,61,4,8,11.03,1762.25),(151,'2025-07-16',49,77,9,3,17.28,571.64),(152,'2025-05-22',198,54,6,9,5.34,2005.72),(153,'2025-01-02',73,93,5,10,11.60,1787.27),(154,'2025-12-04',126,20,8,9,9.69,174.67),(155,'2025-06-20',142,98,9,7,9.11,901.54),(156,'2025-06-14',49,90,4,10,7.66,284.78),(157,'2025-07-30',12,41,8,7,7.72,1175.97),(158,'2025-12-06',167,20,8,1,2.52,20.95),(159,'2025-10-30',85,13,8,2,10.52,46.71),(160,'2025-08-22',4,93,3,7,17.42,1168.72),(161,'2025-03-21',20,61,5,6,12.47,1300.29),(162,'2025-07-23',167,11,6,9,7.60,584.53),(163,'2025-06-12',161,92,8,9,0.72,1468.14),(164,'2025-02-05',61,81,5,4,14.94,507.33),(165,'2025-08-11',26,98,2,8,3.33,1095.85),(166,'2025-06-03',8,6,6,1,5.87,165.33),(167,'2025-07-11',111,19,4,9,8.24,1702.63),(168,'2025-12-16',47,22,3,2,12.19,317.12),(169,'2025-07-15',159,88,4,8,18.26,897.11),(170,'2025-03-15',60,60,5,8,5.11,814.31),(171,'2025-01-05',120,37,9,3,1.48,622.92),(172,'2025-06-26',151,39,7,5,9.14,991.24),(173,'2025-06-04',51,50,8,2,4.74,197.97),(174,'2025-10-20',92,74,5,5,0.44,459.87),(175,'2025-12-04',102,36,1,10,17.30,1215.44),(176,'2025-01-26',156,96,8,5,15.51,455.27),(177,'2025-04-28',156,46,4,4,12.42,257.63),(178,'2025-12-14',194,93,3,2,18.07,331.29),(179,'2025-11-27',11,40,8,1,11.59,135.08),(180,'2025-03-09',24,38,6,7,3.51,1095.95),(181,'2025-03-09',139,47,9,9,18.27,317.99),(182,'2025-03-26',66,62,5,6,16.08,841.89),(183,'2025-08-28',20,19,4,7,19.35,1163.93),(184,'2025-10-13',94,12,7,1,5.29,129.02),(185,'2025-03-05',117,48,5,10,7.62,775.35),(186,'2025-11-23',96,14,4,8,0.50,523.21),(187,'2025-10-15',84,79,4,2,12.71,141.27),(188,'2025-08-26',180,39,7,2,2.80,424.16),(189,'2025-01-20',78,64,2,2,4.70,338.24),(190,'2025-10-03',35,50,8,6,13.41,539.85),(191,'2025-12-23',139,54,10,3,17.71,581.21),(192,'2025-12-02',26,63,10,7,18.78,842.01),(193,'2025-05-24',9,89,6,4,8.87,149.13),(194,'2025-05-01',93,13,6,9,18.03,192.55),(195,'2025-11-27',92,8,7,5,3.80,192.40),(196,'2025-03-04',117,12,4,10,19.42,1097.74),(197,'2025-01-26',86,32,3,10,4.10,1801.39),(198,'2025-10-11',54,76,4,4,6.57,414.83),(199,'2025-03-17',153,1,5,3,19.75,402.22),(200,'2025-10-04',65,23,2,1,2.64,95.67),(201,'2025-07-03',61,76,6,1,3.48,107.14),(202,'2025-01-27',33,95,7,9,2.27,304.42),(203,'2025-02-02',122,58,6,9,11.87,1488.78),(204,'2025-08-20',129,29,10,1,14.54,183.67),(205,'2025-12-04',134,39,8,1,1.22,215.53),(206,'2025-09-03',103,55,2,8,14.25,1159.68),(207,'2025-08-16',19,11,6,10,2.97,682.02),(208,'2025-03-06',71,80,10,9,14.24,592.16),(209,'2025-07-15',153,68,5,8,10.11,196.90),(210,'2025-08-09',26,90,2,9,14.42,237.54),(211,'2025-04-21',111,58,4,7,6.78,1224.82),(212,'2025-08-21',103,54,2,6,8.54,1291.95),(213,'2025-12-07',66,48,3,8,1.34,662.44),(214,'2025-02-13',24,56,2,6,16.24,804.60),(215,'2025-10-12',16,76,9,9,6.59,933.17),(216,'2025-03-04',106,46,7,1,19.37,59.30),(217,'2025-11-04',80,46,2,10,10.15,660.76),(218,'2025-03-21',169,62,4,2,7.00,310.99),(219,'2025-10-12',95,15,5,10,4.52,1618.10),(220,'2025-08-08',144,99,10,10,13.50,2104.98),(221,'2025-10-13',7,78,5,1,3.61,121.01),(222,'2025-12-26',196,40,6,6,0.12,915.64),(223,'2025-03-15',145,85,7,2,2.84,217.37),(224,'2025-11-21',8,12,9,4,7.52,503.94),(225,'2025-08-21',88,21,6,5,14.43,878.55),(226,'2025-10-18',153,11,1,3,3.15,204.23),(227,'2025-11-13',13,87,2,5,8.86,1136.65),(228,'2025-08-06',125,78,8,7,5.46,830.80),(229,'2025-09-20',30,45,7,2,5.66,72.36),(230,'2025-12-14',152,63,9,5,0.91,733.76),(231,'2025-07-22',154,8,1,4,6.03,150.35),(232,'2025-04-19',197,18,5,5,6.56,726.64),(233,'2025-01-04',128,96,7,3,2.58,314.97),(234,'2025-09-30',181,30,9,9,16.67,1191.40),(235,'2025-07-01',19,51,1,7,0.37,733.26),(236,'2025-02-09',81,74,7,10,8.09,849.06),(237,'2025-11-24',107,38,2,7,0.42,1131.05),(238,'2025-06-16',44,80,8,6,1.76,452.22),(239,'2025-02-24',63,56,10,7,10.48,1003.25),(240,'2025-07-22',80,96,6,4,6.66,402.37),(241,'2025-03-28',20,66,2,9,10.20,1604.12),(242,'2025-06-28',90,94,3,4,2.06,458.75),(243,'2025-05-12',51,23,10,3,15.20,249.97),(244,'2025-12-02',20,23,8,8,15.09,667.46),(245,'2025-10-24',115,88,10,10,6.46,1283.28),(246,'2025-11-18',81,20,8,2,9.38,38.95),(247,'2025-11-20',78,36,10,1,7.04,136.62),(248,'2025-02-07',80,60,8,1,1.14,106.05),(249,'2025-05-27',20,83,2,10,11.88,1361.01),(250,'2025-07-16',119,75,9,1,8.99,155.40),(251,'2025-10-20',167,25,6,10,9.51,2173.21),(252,'2025-03-19',16,58,2,6,19.65,904.90),(253,'2025-02-13',130,83,3,1,4.95,146.80),(254,'2025-08-13',113,68,9,10,3.17,265.12),(255,'2025-07-10',73,50,7,6,13.58,538.79),(256,'2025-01-27',162,83,6,2,6.59,288.54),(257,'2025-10-13',174,50,5,5,14.47,444.37),(258,'2025-12-03',155,20,6,2,11.65,37.97),(259,'2025-03-14',90,40,7,3,11.90,403.82),(260,'2025-02-13',80,72,7,6,16.26,1190.13),(261,'2025-12-10',180,95,9,2,12.92,60.28),(262,'2025-08-05',131,47,1,6,6.18,243.35),(263,'2025-04-20',88,99,8,4,4.53,929.30),(264,'2025-03-12',40,10,5,2,10.15,48.25),(265,'2025-10-04',190,68,1,6,17.53,135.48),(266,'2025-11-13',34,77,7,3,3.24,668.66),(267,'2025-12-21',198,80,3,8,0.87,608.42),(268,'2025-07-06',174,93,4,8,12.21,1419.95),(269,'2025-08-18',60,69,4,5,19.31,373.39),(270,'2025-08-29',50,48,10,8,9.23,609.47),(271,'2025-05-25',200,49,9,9,8.37,1370.68),(272,'2025-03-24',52,78,3,5,1.04,621.17),(273,'2025-09-04',96,71,2,9,17.02,511.80),(274,'2025-05-26',22,98,3,5,8.99,644.81),(275,'2025-09-20',38,56,2,4,16.33,535.82),(276,'2025-06-28',7,54,1,7,10.04,1482.55),(277,'2025-05-01',99,11,6,4,0.56,279.59),(278,'2025-02-20',183,84,6,3,2.75,660.81),(279,'2025-05-27',121,90,3,8,8.97,224.59),(280,'2025-01-03',21,3,5,4,16.70,277.42),(281,'2025-10-08',187,78,9,7,2.22,859.27),(282,'2025-05-28',61,39,2,1,4.77,207.78),(283,'2025-11-24',160,59,2,2,16.73,95.89),(284,'2025-09-13',153,69,1,9,11.50,737.16),(285,'2025-03-15',75,55,1,10,7.06,1571.15),(286,'2025-10-20',107,24,2,9,19.49,404.03),(287,'2025-02-04',135,70,9,9,11.08,652.87),(288,'2025-07-19',121,6,7,6,5.07,1000.41),(289,'2025-01-09',92,9,6,4,14.66,399.53),(290,'2025-11-18',27,99,10,6,2.67,1421.12),(291,'2025-06-30',140,44,3,8,19.62,556.62),(292,'2025-09-03',162,24,3,2,14.32,95.55),(293,'2025-08-23',10,38,4,1,15.82,136.59),(294,'2025-01-22',81,40,9,7,19.78,857.98),(295,'2025-10-06',122,33,1,4,5.72,540.53),(296,'2025-01-25',168,43,5,2,15.99,121.68),(297,'2025-08-12',103,96,8,7,6.78,703.24),(298,'2025-04-06',128,89,8,6,18.49,200.07),(299,'2025-09-23',69,11,7,2,8.61,128.48),(300,'2025-04-03',140,38,6,2,1.60,319.33),(301,'2025-12-05',76,40,8,10,14.35,1308.65),(302,'2025-03-27',177,57,6,8,0.85,470.84),(303,'2025-06-30',158,56,5,1,1.50,157.70),(304,'2025-11-23',104,47,9,3,19.06,104.97),(305,'2025-03-15',156,87,8,1,2.52,243.14),(306,'2025-05-01',200,83,6,6,7.66,855.71),(307,'2025-10-18',9,78,3,8,18.98,813.70),(308,'2025-07-10',114,98,2,10,2.75,1378.03),(309,'2025-07-07',102,41,5,4,19.21,588.31),(310,'2025-01-14',189,24,8,9,7.74,463.00),(311,'2025-10-15',31,34,5,8,4.29,1866.88),(312,'2025-11-10',74,89,8,4,2.45,159.63),(313,'2025-02-07',116,23,8,2,16.21,164.66),(314,'2025-06-13',171,45,2,9,10.84,307.74),(315,'2025-06-03',41,92,3,6,10.18,885.50),(316,'2025-03-04',52,18,4,8,0.53,1237.65),(317,'2025-10-11',147,48,8,9,2.60,735.73),(318,'2025-02-14',17,40,7,8,10.51,1093.85),(319,'2025-07-29',148,10,3,6,12.85,140.40),(320,'2025-08-19',120,88,9,6,2.57,801.99),(321,'2025-10-10',164,76,3,3,8.65,304.20),(322,'2025-01-29',32,67,3,5,3.29,351.44),(323,'2025-06-15',182,29,6,9,17.90,1588.04),(324,'2025-02-10',65,26,9,5,2.50,474.92),(325,'2025-06-05',158,69,2,9,12.82,726.17),(326,'2025-10-31',149,20,3,10,14.41,183.93),(327,'2025-11-06',87,73,1,1,1.62,217.97),(328,'2025-11-25',198,74,5,4,15.34,312.84),(329,'2025-08-02',159,82,1,8,17.78,529.04),(330,'2025-10-07',75,83,5,8,4.90,1175.06),(331,'2025-12-17',104,39,8,2,13.77,376.29),(332,'2025-03-22',113,54,8,8,4.08,1806.60),(333,'2025-11-07',37,41,6,6,19.51,879.19),(334,'2025-03-08',195,48,9,9,2.12,739.36),(335,'2025-05-04',120,16,5,8,4.96,1105.05),(336,'2025-02-19',13,38,7,10,8.36,1486.95),(337,'2025-03-23',84,74,6,4,15.26,313.13),(338,'2025-09-13',132,60,8,5,9.95,482.98),(339,'2025-02-16',101,65,8,4,4.30,818.66),(340,'2025-06-30',13,7,5,8,11.95,1586.31),(341,'2025-12-01',173,61,5,9,0.16,2224.74),(342,'2025-02-25',111,18,5,6,15.28,790.59),(343,'2025-07-07',12,52,1,10,11.24,605.25),(344,'2025-07-05',142,37,2,7,10.09,1326.46),(345,'2025-10-09',72,80,10,2,2.57,149.50),(346,'2025-02-19',101,48,6,9,18.78,613.51),(347,'2025-03-15',51,78,9,7,10.00,790.90),(348,'2025-01-24',10,18,6,8,10.39,1114.96),(349,'2025-03-18',156,66,3,6,18.63,969.02),(350,'2025-06-13',42,51,10,5,11.87,463.30),(351,'2025-09-17',131,69,8,10,6.00,869.97),(352,'2025-01-09',95,43,2,7,11.67,447.78),(353,'2025-12-19',162,4,10,8,5.31,540.41),(354,'2025-12-02',199,75,10,4,14.43,584.44),(355,'2025-10-26',123,22,9,10,15.49,1526.00),(356,'2025-07-14',38,88,4,1,11.45,121.48),(357,'2025-12-25',29,25,1,8,6.27,1800.82),(358,'2025-03-19',106,89,4,7,10.04,257.62),(359,'2025-11-10',121,95,1,3,10.37,93.06),(360,'2025-10-15',84,85,8,9,7.54,930.83),(361,'2025-03-30',118,69,6,9,7.09,773.89),(362,'2025-12-15',165,89,5,10,9.68,369.50),(363,'2025-05-07',72,72,5,4,18.83,769.07),(364,'2025-06-02',198,37,4,8,6.34,1579.18),(365,'2025-06-28',144,93,5,5,2.44,986.23),(366,'2025-12-13',140,49,7,6,19.09,806.88),(367,'2025-03-16',75,6,5,2,6.93,326.94),(368,'2025-08-15',168,33,8,4,4.04,550.16),(369,'2025-10-03',70,72,5,3,2.18,695.12),(370,'2025-10-28',62,32,1,9,4.51,1614.32),(371,'2025-04-30',14,13,7,6,14.35,134.13),(372,'2025-02-21',175,99,3,1,19.29,196.41),(373,'2025-03-22',105,84,8,8,13.01,1576.26),(374,'2025-05-28',83,37,1,2,13.05,366.51),(375,'2025-04-29',137,95,1,3,8.36,95.15),(376,'2025-04-01',10,51,8,3,18.73,256.34),(377,'2025-05-29',10,2,5,10,12.06,226.45),(378,'2025-06-21',73,59,9,9,9.88,467.02),(379,'2025-03-10',130,60,5,4,16.18,359.65),(380,'2025-06-19',42,94,8,5,14.37,501.36),(381,'2025-01-08',189,44,5,10,13.49,748.83),(382,'2025-04-09',45,79,7,7,10.31,508.04),(383,'2025-02-14',103,86,2,3,19.63,169.84),(384,'2025-09-02',83,32,1,5,7.67,867.16),(385,'2025-08-17',193,35,6,5,11.65,472.94),(386,'2025-10-21',3,34,6,4,1.24,963.19),(387,'2025-03-02',120,40,3,7,13.72,922.79),(388,'2025-12-27',198,40,2,5,7.35,707.80),(389,'2025-04-24',57,18,8,3,9.10,424.13),(390,'2025-11-07',96,54,9,8,15.15,1598.10),(391,'2025-12-07',56,98,4,10,17.46,1169.59),(392,'2025-02-11',135,58,9,6,1.56,1108.63),(393,'2025-10-16',29,8,9,9,4.04,345.46),(394,'2025-10-02',39,22,6,9,8.84,1481.47),(395,'2025-12-15',53,92,10,8,1.82,1290.56),(396,'2025-09-19',115,8,8,3,10.26,107.69),(397,'2025-08-22',145,8,9,8,13.46,276.93),(398,'2025-06-07',186,3,7,5,16.33,348.32),(399,'2025-04-22',149,10,1,7,6.89,175.00),(400,'2025-02-02',139,8,2,8,0.63,317.98),(401,'2025-07-29',47,99,3,7,7.49,1575.86),(402,'2025-07-15',115,49,7,2,13.65,287.04),(403,'2025-12-05',139,18,6,2,3.57,299.96),(404,'2025-10-03',101,68,3,4,16.70,91.23),(405,'2025-01-12',77,60,9,7,10.64,671.00),(406,'2025-04-28',64,59,6,3,5.51,163.22),(407,'2025-02-27',9,85,7,10,15.32,947.23),(408,'2025-01-09',62,27,2,2,11.88,72.84),(409,'2025-08-17',154,87,1,4,14.81,849.96),(410,'2025-07-25',113,30,9,4,15.09,539.55),(411,'2025-01-29',36,65,5,4,16.32,715.83),(412,'2025-10-22',82,74,10,6,4.74,528.01),(413,'2025-03-15',170,67,4,7,6.01,478.18),(414,'2025-02-01',143,76,3,7,11.12,690.60),(415,'2025-01-25',89,83,7,9,6.37,1301.50),(416,'2025-08-02',105,20,5,7,3.68,144.89),(417,'2025-10-03',122,31,4,5,17.15,851.86),(418,'2025-03-15',119,8,9,7,19.36,225.79),(419,'2025-10-13',136,18,7,4,5.10,590.39),(420,'2025-06-19',166,11,8,6,1.85,413.94),(421,'2025-04-08',14,35,7,10,12.06,941.49),(422,'2025-02-07',49,98,10,9,4.34,1219.95),(423,'2025-04-17',86,39,1,4,18.74,709.20),(424,'2025-03-02',192,97,8,4,13.91,857.84),(425,'2025-12-27',53,51,4,9,6.43,885.42),(426,'2025-05-25',98,60,9,6,6.17,603.91),(427,'2025-07-04',132,64,8,2,16.06,297.92),(428,'2025-08-29',195,41,4,6,6.26,1023.92),(429,'2025-01-24',145,29,3,1,5.22,203.70),(430,'2025-10-27',149,93,7,5,3.05,980.07),(431,'2025-06-18',59,49,10,4,9.99,598.42),(432,'2025-12-02',176,44,5,8,19.33,558.62),(433,'2025-11-25',190,63,8,3,14.66,379.17),(434,'2025-06-30',44,18,9,8,3.68,1198.45),(435,'2025-10-05',165,8,9,1,16.78,33.29),(436,'2025-02-08',172,7,1,7,2.75,1533.05),(437,'2025-11-19',60,9,3,1,4.37,111.93),(438,'2025-08-22',96,8,10,10,18.26,326.96),(439,'2025-12-04',125,3,1,9,11.03,666.69),(440,'2025-01-07',5,68,5,9,19.55,198.24),(441,'2025-01-09',129,90,7,3,2.14,90.54),(442,'2025-02-19',135,20,4,4,12.40,75.30),(443,'2025-05-10',91,35,7,2,7.46,198.15),(444,'2025-07-27',118,73,4,4,6.00,833.07),(445,'2025-02-11',168,84,1,2,8.11,416.26),(446,'2025-07-13',142,61,1,1,14.06,212.78),(447,'2025-02-12',128,56,6,10,19.55,1288.00),(448,'2025-02-18',136,6,4,4,18.03,575.89),(449,'2025-12-21',146,61,5,1,18.48,201.84),(450,'2025-12-17',72,70,10,1,3.59,78.65),(451,'2025-06-11',5,27,10,3,15.05,105.33),(452,'2025-12-31',102,10,5,3,11.28,71.46),(453,'2025-10-18',100,87,9,6,7.68,1381.64),(454,'2025-03-13',177,93,2,9,14.91,1548.31),(455,'2025-06-27',14,13,7,4,16.77,86.89),(456,'2025-06-24',155,99,10,10,7.93,2240.52),(457,'2025-06-17',8,82,5,8,9.81,580.32),(458,'2025-07-02',142,49,7,3,13.59,430.87),(459,'2025-12-05',98,11,10,5,15.96,295.36),(460,'2025-02-07',22,35,3,7,14.23,642.78),(461,'2025-11-21',40,95,7,6,7.21,192.69),(462,'2025-02-16',2,40,8,6,15.23,777.12),(463,'2025-02-22',34,12,3,7,8.98,867.98),(464,'2025-10-12',132,53,2,1,1.79,79.94),(465,'2025-10-11',24,77,10,6,17.27,1143.41),(466,'2025-01-07',75,53,7,2,14.50,139.19),(467,'2025-10-14',63,74,9,3,13.71,239.14),(468,'2025-03-28',36,35,5,5,9.86,482.52),(469,'2025-02-02',43,56,5,7,6.00,1053.46),(470,'2025-02-09',93,33,4,8,11.88,1010.42),(471,'2025-04-11',118,14,3,5,0.14,328.19),(472,'2025-07-22',86,80,7,6,8.80,419.81),(473,'2025-08-09',167,77,3,5,6.41,1077.92),(474,'2025-12-22',52,62,6,3,19.29,404.84),(475,'2025-06-13',75,95,8,10,15.64,291.97),(476,'2025-06-16',97,36,7,6,2.28,861.71),(477,'2025-10-16',52,76,9,3,13.63,287.61),(478,'2025-10-09',7,94,8,4,8.77,427.32),(479,'2025-05-30',178,9,7,8,2.78,910.29),(480,'2025-06-05',62,33,3,7,15.78,844.99),(481,'2025-02-07',115,77,8,10,8.02,2118.76),(482,'2025-09-17',178,54,9,1,15.81,198.21),(483,'2025-07-04',180,69,10,2,2.19,181.05),(484,'2025-05-08',169,86,6,3,12.94,183.98),(485,'2025-01-23',145,83,7,6,19.31,747.75),(486,'2025-08-09',28,2,2,5,4.44,123.03),(487,'2025-09-23',143,75,10,4,8.92,622.08),(488,'2025-07-20',119,99,10,9,3.01,2124.23),(489,'2025-01-13',124,14,5,7,18.41,375.40),(490,'2025-02-13',30,94,3,6,6.24,658.76),(491,'2025-08-22',53,67,8,6,9.52,394.57),(492,'2025-08-13',185,90,8,6,1.34,182.56),(493,'2025-01-23',182,15,1,6,12.96,885.04),(494,'2025-12-13',43,95,4,9,3.49,300.62),(495,'2025-03-23',85,72,7,8,4.64,1807.03),(496,'2025-07-27',162,24,3,7,7.91,359.45),(497,'2025-11-11',51,58,10,7,7.78,1211.68),(498,'2025-12-27',55,27,5,2,11.55,73.11),(499,'2025-10-02',48,47,6,4,9.15,157.10),(500,'2025-05-15',172,63,9,6,11.94,782.50),(501,'2025-11-09',101,76,2,6,7.04,619.11),(502,'2025-08-23',159,23,5,10,11.80,866.65),(503,'2025-12-11',35,41,2,4,6.11,683.71),(504,'2025-04-04',96,89,3,9,7.77,339.58),(505,'2025-11-02',36,74,7,7,3.72,622.60),(506,'2025-11-22',138,89,3,9,3.34,355.89),(507,'2025-05-28',36,24,6,8,12.39,390.81),(508,'2025-07-03',3,63,3,4,16.30,495.84)
;
INSERT INTO sales (sale_id, sale_date,customer_id, product_id,store_id, quantity, discount,total_amount)
VALUES
(509,'2025-10-15',130,84,8,7,13.69,1368.45),(510,'2025-08-01',182,57,8,3,1.65,175.14),(511,'2025-01-16',195,29,5,1,5.50,203.10),(512,'2025-10-03',74,22,8,10,14.85,1537.55),(513,'2025-09-11',141,66,2,10,2.28,1939.55),(514,'2025-10-06',94,70,1,8,10.93,581.31),(515,'2025-08-06',27,95,4,5,17.50,142.77),(516,'2025-01-17',116,34,6,2,8.78,444.83),(517,'2025-03-02',199,31,4,10,13.78,1773.03),(518,'2025-12-30',157,81,7,3,12.32,392.22),(519,'2025-04-16',53,8,10,6,10.65,214.44),(520,'2025-11-02',138,22,6,5,5.79,850.57),(521,'2025-05-17',132,87,2,3,19.26,604.17),(522,'2025-07-30',16,36,3,3,4.99,418.91),(523,'2025-12-31',83,32,7,8,2.84,1460.04),(524,'2025-11-20',69,81,7,7,9.04,949.41),(525,'2025-11-21',197,12,7,9,15.00,1042.16),(526,'2025-12-22',95,59,8,6,11.64,305.27),(527,'2025-02-17',188,59,6,2,15.91,96.84),(528,'2025-07-23',56,55,4,8,5.37,1279.78),(529,'2025-05-26',87,71,10,3,11.32,182.32),(530,'2025-09-06',88,88,1,1,1.99,134.46),(531,'2025-08-24',5,16,3,8,9.13,1056.56),(532,'2025-08-08',52,89,3,5,3.18,198.05),(533,'2025-05-21',24,84,6,5,1.65,1113.81),(534,'2025-12-07',167,22,1,7,12.51,1105.86),(535,'2025-12-25',194,30,7,2,14.07,273.02),(536,'2025-01-01',55,62,2,3,11.87,442.06),(537,'2025-09-23',175,57,1,1,13.91,51.10),(538,'2025-03-03',109,89,3,8,1.42,322.63),(539,'2025-07-16',23,94,2,2,6.27,219.52),(540,'2025-06-03',36,49,3,3,1.37,491.80),(541,'2025-10-16',3,79,3,8,7.02,601.92),(542,'2025-04-20',161,96,3,7,12.32,661.45),(543,'2025-08-15',56,12,2,3,15.05,347.18),(544,'2025-10-29',187,50,6,7,6.29,681.62),(545,'2025-03-13',64,36,2,4,11.07,522.80),(546,'2025-11-04',185,78,5,1,16.96,104.25),(547,'2025-12-04',78,27,9,10,10.19,371.18),(548,'2025-07-20',76,83,1,4,9.90,556.64),(549,'2025-02-27',62,64,10,2,10.57,317.40),(550,'2025-01-07',93,41,3,7,17.22,1054.91),(551,'2025-10-19',108,47,9,3,15.25,109.91),(552,'2025-02-07',5,76,2,1,5.24,105.18),(553,'2025-01-21',16,51,9,5,12.57,459.62),(554,'2025-09-14',197,54,7,7,1.65,1620.82),(555,'2025-10-02',138,79,3,5,1.67,397.84),(556,'2025-02-10',131,27,3,9,6.54,347.64),(557,'2025-10-28',163,98,2,5,13.97,609.52),(558,'2025-05-03',15,32,2,7,2.32,1284.37),(559,'2025-11-10',156,8,5,3,2.39,117.13),(560,'2025-12-29',36,90,1,3,9.93,83.33),(561,'2025-06-27',134,67,5,3,7.44,201.82),(562,'2025-05-18',188,16,1,6,16.14,731.29),(563,'2025-05-20',135,9,5,10,12.55,1023.51),(564,'2025-09-12',117,66,6,1,9.99,178.65),(565,'2025-10-18',43,48,3,5,15.47,354.73),(566,'2025-10-21',173,93,2,4,14.82,688.87),(567,'2025-01-02',12,2,4,1,9.44,23.32),(568,'2025-07-16',39,23,1,9,16.06,742.31),(569,'2025-12-02',108,29,6,4,8.33,788.07),(570,'2025-06-13',70,10,10,6,2.39,157.25),(571,'2025-12-11',14,23,4,9,19.63,710.74),(572,'2025-07-25',18,60,5,5,6.55,501.22),(573,'2025-10-11',117,2,6,4,5.83,97.00),(574,'2025-06-05',190,80,4,8,7.37,568.53),(575,'2025-09-10',198,100,4,9,15.21,1663.43),(576,'2025-05-06',39,1,7,1,4.66,159.28),(577,'2025-06-27',163,89,1,6,0.03,245.39),(578,'2025-12-03',97,95,5,2,4.10,66.38),(579,'2025-05-02',108,63,1,3,14.23,381.08),(580,'2025-02-17',12,30,9,7,14.02,956.11),(581,'2025-07-10',118,96,2,10,1.91,1057.12),(582,'2025-03-10',164,51,2,10,11.36,931.96),(583,'2025-08-11',170,17,4,5,5.22,335.05),(584,'2025-06-11',101,90,6,6,9.06,168.28),(585,'2025-04-30',20,26,3,10,2.18,952.96),(586,'2025-02-24',43,58,8,6,8.13,1034.64),(587,'2025-10-02',92,99,4,8,6.17,1826.68),(588,'2025-05-16',31,12,3,5,16.53,568.56),(589,'2025-12-23',155,6,4,6,2.97,1022.54),(590,'2025-12-31',64,46,7,9,0.98,655.37),(591,'2025-06-03',67,23,1,7,17.09,570.27),(592,'2025-10-12',192,71,4,2,9.24,124.40),(593,'2025-03-13',32,2,1,4,2.61,100.31),(594,'2025-07-25',96,88,2,10,11.72,1211.11),(595,'2025-02-08',6,9,4,8,16.19,784.73),(596,'2025-02-17',85,16,1,8,1.01,1150.98),(597,'2025-10-21',111,93,7,8,0.59,1607.90),(598,'2025-12-16',110,23,6,4,18.17,321.62),(599,'2025-05-21',72,58,3,1,12.28,164.65),(600,'2025-11-12',63,83,5,8,8.24,1133.79),(601,'2025-10-09',123,8,2,5,7.66,184.68),(602,'2025-08-03',52,83,9,4,12.62,539.83),(603,'2025-10-06',5,49,6,8,10.89,1184.88),(604,'2025-09-06',89,73,9,6,7.77,1226.07),(605,'2025-04-03',7,41,10,4,0.59,723.90),(606,'2025-05-24',15,61,9,6,15.34,1257.66),(607,'2025-04-30',41,13,4,4,5.33,98.84),(608,'2025-01-29',196,29,10,7,7.10,1397.62),(609,'2025-03-30',46,31,10,6,16.12,1034.94),(610,'2025-12-24',92,76,1,6,18.95,539.79),(611,'2025-10-16',37,73,4,8,10.84,1580.34),(612,'2025-03-31',126,5,2,1,4.65,180.58),(613,'2025-04-23',6,68,8,1,6.63,25.56),(614,'2025-11-11',52,17,6,3,18.38,173.12),(615,'2025-06-15',16,3,3,10,14.09,715.29),(616,'2025-03-14',199,15,9,6,19.21,821.49),(617,'2025-07-11',181,85,7,10,2.02,1096.00),(618,'2025-06-04',83,18,3,7,15.84,916.26),(619,'2025-09-07',167,41,3,9,13.87,1411.20),(620,'2025-11-11',92,29,10,3,7.57,595.95),(621,'2025-12-19',76,17,3,1,18.98,57.28),(622,'2025-10-21',101,99,10,1,3.64,234.49),(623,'2025-06-12',157,29,10,2,18.73,349.33),(624,'2025-03-14',85,96,2,4,6.94,401.16),(625,'2025-06-13',43,82,2,6,8.93,439.49),(626,'2025-05-16',54,32,2,6,5.13,1069.22),(627,'2025-02-25',185,1,1,7,8.76,1067.04),(628,'2025-08-03',43,53,8,7,7.02,529.80),(629,'2025-07-12',26,62,10,4,3.25,647.06),(630,'2025-02-07',9,38,1,6,5.22,922.74),(631,'2025-02-23',19,44,3,7,3.22,586.41),(632,'2025-02-08',141,12,6,10,19.71,1093.79),(633,'2025-09-05',181,4,7,3,12.15,188.02),(634,'2025-08-11',41,7,2,6,4.11,1295.67),(635,'2025-04-08',105,90,9,9,5.31,262.82),(636,'2025-05-25',77,31,2,1,7.86,189.48),(637,'2025-10-09',126,20,1,6,0.08,128.84),(638,'2025-02-14',76,85,10,8,3.99,859.17),(639,'2025-01-14',53,22,5,2,9.47,326.94),(640,'2025-03-01',79,51,8,8,17.90,690.56),(641,'2025-05-16',24,83,9,7,3.70,1041.15),(642,'2025-07-15',95,24,8,1,5.27,52.82),(643,'2025-08-27',68,29,5,10,1.23,2122.76),(644,'2025-12-23',171,13,2,6,16.16,131.29),(645,'2025-07-31',194,76,4,9,1.22,986.81),(646,'2025-07-18',134,54,9,8,11.45,1667.79),(647,'2025-05-01',122,39,2,7,18.06,1251.49),(648,'2025-01-18',129,74,9,10,13.55,798.63),(649,'2025-11-14',38,16,8,3,18.98,353.26),(650,'2025-03-27',55,25,3,1,8.47,219.82),(651,'2025-12-16',112,26,3,10,5.16,923.93),(652,'2025-02-04',23,50,9,7,11.04,647.07),(653,'2025-05-22',134,59,1,10,11.75,508.14),(654,'2025-08-03',29,54,3,3,11.33,626.27),(655,'2025-10-26',195,13,2,10,15.59,220.31),(656,'2025-05-27',138,45,7,5,7.66,177.06),(657,'2025-09-06',147,78,8,1,3.44,121.22),(658,'2025-07-26',37,80,10,7,0.78,532.85),(659,'2025-06-19',177,31,1,8,18.42,1342.09),(660,'2025-07-10',6,44,5,5,5.61,408.52),(661,'2025-09-09',179,88,2,4,2.69,534.00),(662,'2025-08-15',199,42,5,7,12.10,187.91),(663,'2025-02-15',49,57,4,7,14.82,353.94),(664,'2025-09-22',96,8,9,3,1.31,118.43),(665,'2025-12-30',130,52,3,9,17.59,505.76),(666,'2025-01-15',45,25,4,1,4.99,228.18),(667,'2025-08-22',13,47,4,5,7.37,200.22),(668,'2025-08-26',130,51,2,1,4.84,100.05),(669,'2025-09-08',153,58,3,8,11.74,1325.31),(670,'2025-06-29',89,21,5,2,5.70,387.27),(671,'2025-07-17',13,21,10,4,17.14,680.58),(672,'2025-11-28',58,87,4,5,13.03,1084.65),(673,'2025-09-20',6,100,1,8,18.23,1425.94),(674,'2025-11-28',45,77,1,4,5.05,874.87),(675,'2025-06-06',183,91,5,7,17.91,259.85),(676,'2025-06-28',118,33,4,8,6.04,1077.38),(677,'2025-09-24',160,51,10,2,0.15,209.96),(678,'2025-12-06',96,72,10,10,5.65,2234.87),(679,'2025-12-17',28,62,2,6,19.77,804.87),(680,'2025-11-24',84,36,5,5,3.77,707.15),(681,'2025-09-22',196,31,1,10,8.08,1890.24),(682,'2025-06-13',175,18,1,8,19.95,996.01),(683,'2025-05-13',108,52,7,1,11.66,60.24),(684,'2025-10-20',49,44,4,9,12.77,679.56),(685,'2025-09-01',172,46,9,5,16.91,305.52),(686,'2025-12-03',143,24,5,2,9.42,101.01),(687,'2025-05-13',186,72,3,6,13.09,1235.18),(688,'2025-04-24',91,29,5,7,15.76,1267.34),(689,'2025-06-19',96,34,10,5,9.28,1105.97),(690,'2025-03-02',121,7,10,10,18.89,1826.60),(691,'2025-02-06',121,25,9,2,17.35,396.98),(692,'2025-07-15',136,39,7,1,17.42,180.18),(693,'2025-03-19',36,26,6,7,19.74,547.33),(694,'2025-08-23',37,41,3,2,9.75,328.60),(695,'2025-11-20',46,41,1,1,9.04,165.59),(696,'2025-04-18',195,100,3,10,15.29,1846.51),(697,'2025-09-08',196,100,2,3,12.29,573.57),(698,'2025-11-21',110,52,7,8,7.67,503.68),(699,'2025-01-20',137,26,6,1,17.84,80.04),(700,'2025-09-29',49,3,1,4,4.53,317.95),(701,'2025-06-26',80,17,2,7,10.07,445.06),(702,'2025-06-06',43,9,1,5,18.97,474.19),(703,'2025-08-22',187,67,10,9,6.76,609.90),(704,'2025-12-18',35,44,8,6,15.00,441.46),(705,'2025-03-26',104,3,4,4,14.54,284.62),(706,'2025-03-09',55,94,1,10,10.09,1052.85),(707,'2025-03-05',94,92,1,7,17.53,948.55),(708,'2025-05-11',198,69,10,1,11.88,81.56),(709,'2025-01-25',170,14,1,1,13.79,56.67),(710,'2025-08-02',114,49,2,9,5.05,1420.35),(711,'2025-12-26',40,27,1,5,8.42,189.25),(712,'2025-02-21',170,67,5,10,12.11,638.78),(713,'2025-03-12',108,14,9,10,2.35,641.85),(714,'2025-02-28',28,64,4,10,3.99,1703.79),(715,'2025-05-15',134,26,6,7,5.91,641.64),(716,'2025-01-21',141,64,4,8,6.61,1325.84),(717,'2025-01-02',4,86,2,2,16.70,117.35),(718,'2025-12-09',127,20,2,9,1.50,190.51),(719,'2025-02-21',66,83,4,8,19.77,991.32),(720,'2025-06-01',68,60,1,2,16.26,179.66),(721,'2025-01-21',75,47,6,7,14.77,257.91),(722,'2025-02-18',195,6,1,3,13.27,457.00),(723,'2025-03-29',85,46,8,10,5.37,695.91),(724,'2025-02-17',96,44,3,2,8.02,159.24),(725,'2025-08-22',70,50,8,7,12.98,632.96),(726,'2025-03-27',29,17,1,3,2.07,207.71),(727,'2025-10-30',124,73,8,3,12.23,583.39),(728,'2025-07-03',157,4,3,8,18.41,465.65),(729,'2025-02-27',106,57,1,2,5.23,112.51),(730,'2025-06-10',4,91,9,10,14.48,386.72),(731,'2025-04-25',172,44,9,9,13.76,671.84),(732,'2025-11-13',25,56,4,8,6.91,1192.30),(733,'2025-12-13',165,50,3,9,17.84,768.35),(734,'2025-11-10',14,2,3,9,16.98,192.40),(735,'2025-09-11',43,10,8,6,4.82,153.33),(736,'2025-05-23',13,65,4,9,12.87,1677.03),(737,'2025-07-26',61,11,8,8,16.03,472.18),(738,'2025-08-18',23,64,8,6,2.37,1039.53),(739,'2025-09-12',191,84,1,2,8.07,416.44),(740,'2025-01-19',143,71,1,2,15.84,115.35),(741,'2025-11-13',164,39,9,9,4.14,1882.41),(742,'2025-12-10',117,44,6,1,16.33,72.42),(743,'2025-08-21',85,72,10,10,9.46,2144.62),(744,'2025-12-03',94,92,8,2,1.95,322.21),(745,'2025-12-04',57,1,6,6,16.60,836.02),(746,'2025-05-30',141,67,6,2,0.92,144.02),(747,'2025-03-26',127,18,7,2,5.09,295.23),(748,'2025-04-11',49,16,7,4,9.14,528.22),(749,'2025-04-08',184,44,2,7,0.93,600.28),(750,'2025-11-21',173,76,2,8,9.15,806.75),(751,'2025-10-29',130,18,8,1,10.61,139.03),(752,'2025-01-25',142,56,10,8,18.49,1043.98),(753,'2025-04-01',178,75,3,3,2.07,501.65),(754,'2025-12-03',154,78,6,9,17.63,930.67),(755,'2025-08-03',156,89,4,5,7.96,188.27),(756,'2025-06-25',76,58,3,3,8.25,516.64),(757,'2025-12-25',192,66,5,9,17.21,1478.89),(758,'2025-12-31',189,71,4,4,4.19,262.63),(759,'2025-05-29',176,45,3,3,10.08,103.45),(760,'2025-12-22',164,42,2,6,11.25,162.63),(761,'2025-10-26',147,86,7,9,5.72,597.70),(762,'2025-08-05',4,67,2,1,7.62,67.14),(763,'2025-01-28',172,8,4,5,15.00,170.00),(764,'2025-03-24',74,88,5,3,16.79,342.47),(765,'2025-12-20',76,27,9,1,7.17,38.37),(766,'2025-08-20',27,79,9,4,14.85,275.61),(767,'2025-10-15',100,31,9,5,13.86,885.69),(768,'2025-01-25',98,50,7,6,19.32,503.01),(769,'2025-01-28',4,96,5,4,12.41,377.58),(770,'2025-08-15',58,82,6,10,10.93,716.39),(771,'2025-11-05',51,100,4,5,8.98,992.03),(772,'2025-12-16',20,24,3,9,2.39,489.85),(773,'2025-01-21',110,36,9,5,2.60,715.74),(774,'2025-10-27',66,1,6,8,14.19,1146.90),(775,'2025-03-21',11,20,6,10,1.02,212.71),(776,'2025-11-17',158,85,5,8,15.80,753.49),(777,'2025-10-09',92,10,6,9,4.40,231.02),(778,'2025-04-05',134,9,9,3,8.32,321.91),(779,'2025-10-02',104,12,6,4,17.67,448.63),(780,'2025-12-06',85,43,6,5,4.37,346.28),(781,'2025-11-13',136,61,9,1,2.29,241.92),(782,'2025-06-27',115,31,10,10,4.88,1956.05),(783,'2025-01-21',175,42,7,2,7.72,56.36),(784,'2025-10-04',186,37,1,9,16.44,1585.00),(785,'2025-07-11',132,66,8,8,0.88,1573.87),(786,'2025-11-30',50,42,9,2,18.96,49.50),(787,'2025-03-27',198,69,9,1,12.54,80.94),(788,'2025-04-18',172,81,4,7,16.71,869.36),(789,'2025-04-16',138,90,7,2,14.94,52.47),(790,'2025-03-20',7,59,6,1,1.75,56.57),(791,'2025-01-28',46,33,9,2,11.50,253.69),(792,'2025-04-27',67,53,7,8,12.60,569.15),(793,'2025-08-10',81,3,7,2,10.70,148.70),(794,'2025-11-25',185,80,2,10,0.91,760.22),(795,'2025-02-07',92,65,2,5,15.74,900.99),(796,'2025-06-04',156,12,5,8,7.63,1006.69),(797,'2025-12-05',8,61,3,9,4.40,2130.26),(798,'2025-07-20',140,38,3,5,13.55,701.37),(799,'2025-11-28',96,2,9,9,2.83,225.19),(800,'2025-01-22',2,74,10,7,10.74,577.21),(801,'2025-02-13',79,27,6,4,8.25,151.68),(802,'2025-11-27',132,19,3,3,4.42,591.17),(803,'2025-05-10',50,15,3,10,17.05,1405.75),(804,'2025-10-09',119,83,9,2,5.81,290.95),(805,'2025-02-04',65,13,4,10,9.74,235.58),(806,'2025-06-19',92,17,4,2,5.70,133.34),(807,'2025-02-05',50,41,8,8,6.57,1360.71),(808,'2025-12-04',79,89,10,3,11.31,108.85),(809,'2025-07-06',81,55,3,1,6.26,158.47),(810,'2025-04-24',183,95,7,5,16.80,143.98),(811,'2025-03-10',174,94,6,8,9.26,850.05),(812,'2025-07-03',199,40,8,9,2.18,1345.13),(813,'2025-11-27',156,11,5,3,17.83,173.27),(814,'2025-04-11',68,94,2,2,17.84,192.42),(815,'2025-09-17',162,4,10,10,8.10,655.61),(816,'2025-10-30',55,5,9,5,10.87,844.02),(817,'2025-10-04',121,84,3,6,7.85,1252.32),(818,'2025-10-29',188,38,3,8,10.02,1168.01),(819,'2025-02-16',102,47,9,1,13.25,37.50),(820,'2025-11-11',176,22,9,3,8.92,493.39),(821,'2025-04-02',145,73,3,8,18.78,1439.61),(822,'2025-01-21',57,98,8,4,1.26,559.66),(823,'2025-07-09',60,6,4,9,18.15,1293.85),(824,'2025-07-04',100,61,8,1,0.80,245.61),(825,'2025-11-29',83,14,9,5,16.70,273.77),(826,'2025-05-15',149,70,10,3,7.53,226.31),(827,'2025-07-13',94,76,2,9,5.03,948.75),(828,'2025-04-25',133,52,6,6,9.74,369.29),(829,'2025-09-04',155,1,9,3,8.80,457.10),(830,'2025-04-28',20,66,5,4,3.00,770.10),(831,'2025-03-22',93,78,2,4,8.29,460.53),(832,'2025-06-19',185,15,8,8,9.58,1225.88),(833,'2025-10-30',42,83,7,1,4.87,146.93),(834,'2025-03-07',147,76,3,3,12.59,291.08),(835,'2025-01-21',147,19,1,3,5.17,586.53),(836,'2025-04-03',133,52,10,10,12.75,594.96),(837,'2025-12-05',73,11,4,8,12.13,494.11),(838,'2025-08-30',124,22,4,7,12.02,1112.06),(839,'2025-10-26',197,24,10,9,5.29,475.29),(840,'2025-12-18',88,59,10,10,1.38,567.85),(841,'2025-07-13',99,17,2,1,4.05,67.84),(842,'2025-09-16',176,54,3,10,1.93,2308.86),(843,'2025-09-01',158,77,1,9,10.07,1864.38),(844,'2025-03-02',24,62,3,10,10.79,1491.59),(845,'2025-01-01',199,87,7,9,8.41,2056.08),(846,'2025-01-23',179,68,7,4,18.77,88.96),(847,'2025-09-04',197,49,6,10,16.09,1394.67),(848,'2025-12-23',148,13,7,3,5.09,74.31),(849,'2025-04-30',22,37,10,9,8.17,1741.87),(850,'2025-04-07',2,91,1,10,10.45,404.95),(851,'2025-09-24',2,49,4,6,8.18,915.68),(852,'2025-02-24',40,55,10,5,5.23,801.04),(853,'2025-10-02',109,73,6,10,5.51,2093.52),(854,'2025-12-15',102,97,4,7,11.04,1551.26),(855,'2025-10-13',124,23,6,9,11.10,786.18),(856,'2025-05-10',79,74,6,7,14.72,551.47),(857,'2025-12-04',31,96,4,8,15.66,727.15),(858,'2025-03-24',26,28,9,7,15.72,249.20),(859,'2025-10-09',158,90,1,3,7.78,85.32),(860,'2025-11-22',2,12,3,8,18.52,888.00),(861,'2025-08-11',23,9,5,4,7.42,433.42),(862,'2025-11-08',10,93,7,7,12.28,1241.47),(863,'2025-09-24',74,92,10,1,18.91,133.24),(864,'2025-03-31',164,64,8,1,4.03,170.31),(865,'2025-12-03',133,37,4,1,15.68,177.71),(866,'2025-09-19',133,90,4,10,3.39,297.95),(867,'2025-01-19',93,31,1,3,1.74,606.19),(868,'2025-05-22',200,52,6,7,8.11,438.62),(869,'2025-04-13',133,2,2,2,10.99,45.84),(870,'2025-10-14',150,45,6,5,4.53,183.06),(871,'2025-04-10',117,52,10,1,5.22,64.63),(872,'2025-07-28',130,14,9,2,10.06,118.24),(873,'2025-06-24',30,66,5,9,16.26,1495.86),(874,'2025-10-22',65,89,8,7,11.26,254.12),(875,'2025-05-05',194,44,8,8,17.93,568.32),(876,'2025-01-15',124,15,5,2,7.65,313.01),(877,'2025-04-23',174,90,4,6,8.25,169.77),(878,'2025-06-30',133,69,1,5,4.97,439.75),(879,'2025-02-17',103,87,6,2,11.09,443.54),(880,'2025-04-02',122,41,6,4,17.89,597.93),(881,'2025-05-18',47,96,4,8,14.74,735.08),(882,'2025-05-01',189,31,5,4,4.58,784.89),(883,'2025-05-08',159,46,3,2,2.40,143.55),(884,'2025-02-10',174,85,8,10,0.13,1117.15),(885,'2025-10-05',11,62,6,10,6.31,1566.50),(886,'2025-10-22',71,63,3,9,5.61,1258.12),(887,'2025-04-24',193,74,3,1,10.51,82.67),(888,'2025-08-05',123,70,1,9,6.95,683.19),(889,'2025-12-18',199,23,8,2,13.96,169.09),(890,'2025-08-24',81,89,1,1,13.48,35.40),(891,'2025-07-14',149,13,6,6,12.26,137.40),(892,'2025-05-13',48,71,5,4,5.39,259.34),(893,'2025-11-10',88,47,3,8,8.48,316.51),(894,'2025-08-03',180,97,6,6,17.09,1239.22),(895,'2025-05-24',116,24,10,3,19.59,134.51),(896,'2025-12-18',59,13,5,4,11.11,92.80),(897,'2025-07-15',51,19,3,8,16.11,1383.65),(898,'2025-04-01',108,64,3,9,10.68,1426.57),(899,'2025-06-11',125,39,5,9,17.17,1626.54),(900,'2025-01-25',102,13,3,1,4.31,24.98),(901,'2025-05-11',122,81,2,8,14.89,1015.26),(902,'2025-05-14',93,47,9,9,18.64,316.55),(903,'2025-05-12',89,3,7,2,7.02,154.83),(904,'2025-12-14',156,26,10,10,13.00,847.55),(905,'2025-10-03',45,100,5,6,6.50,1222.87),(906,'2025-09-19',125,100,8,2,7.62,402.74),(907,'2025-05-27',119,81,3,3,12.81,390.03),(908,'2025-06-22',108,81,10,10,8.10,1370.32),(909,'2025-02-06',21,21,6,4,6.27,769.86),(910,'2025-12-01',75,91,5,10,12.89,393.91),(911,'2025-05-19',114,100,6,10,10.42,1952.66),(912,'2025-08-19',106,22,3,1,2.50,176.06),(913,'2025-05-01',170,33,2,4,3.34,554.17),(914,'2025-02-22',25,9,8,9,1.08,1041.98),(915,'2025-07-23',135,98,2,2,5.25,268.52),(916,'2025-03-21',22,84,7,5,4.59,1080.52),(917,'2025-05-26',114,81,3,3,10.53,400.23),(918,'2025-03-29',8,5,6,6,17.28,939.98),(919,'2025-08-28',139,35,9,8,2.70,833.36),(920,'2025-12-24',139,23,10,10,9.13,892.89),(921,'2025-11-22',145,56,9,9,6.19,1351.71),(922,'2025-06-27',124,70,4,2,8.84,148.74),(923,'2025-07-07',106,34,3,5,0.21,1216.54),(924,'2025-09-25',195,18,6,5,9.38,704.71),(925,'2025-01-05',177,63,8,5,0.18,739.17),(926,'2025-08-09',75,77,4,1,10.96,205.10),(927,'2025-04-07',106,72,7,7,5.00,1575.19),(928,'2025-11-27',100,49,4,5,1.58,817.92),(929,'2025-11-17',62,67,10,5,5.69,342.72),(930,'2025-09-30',69,53,4,2,3.65,156.86),(931,'2025-05-29',29,82,8,10,9.06,731.43),(932,'2025-12-25',160,63,4,6,0.39,885.13),(933,'2025-01-26',137,3,3,2,5.64,157.13),(934,'2025-03-06',184,57,1,4,1.80,233.17),(935,'2025-01-08',127,28,6,7,6.23,277.26),(936,'2025-09-13',96,60,1,6,1.60,633.32),(937,'2025-03-16',15,35,7,2,10.86,190.87),(938,'2025-04-03',50,33,7,1,2.44,139.83),(939,'2025-05-08',99,99,8,4,14.75,829.82),(940,'2025-01-18',51,59,2,9,13.32,449.19),(941,'2025-04-17',122,50,5,6,3.17,603.70),(942,'2025-01-22',191,71,9,2,5.07,130.11),(943,'2025-11-23',77,26,6,1,17.27,80.60),(944,'2025-04-22',29,31,7,6,0.30,1230.14),(945,'2025-05-22',150,16,7,4,0.18,580.31),(946,'2025-01-22',149,89,8,10,3.10,396.42),(947,'2025-02-15',64,21,8,2,13.72,354.33),(948,'2025-06-23',195,81,1,1,7.11,138.51),(949,'2025-03-20',180,69,2,3,9.76,250.55),(950,'2025-06-12',143,83,6,8,14.66,1054.46),(951,'2025-01-11',177,49,6,3,5.01,473.65),(952,'2025-01-21',125,91,8,9,5.89,383.01),(953,'2025-12-23',126,25,10,3,10.87,642.16),(954,'2025-06-15',188,60,5,10,18.29,876.50),(955,'2025-10-11',42,9,9,3,8.99,319.55),(956,'2025-05-15',139,47,8,1,15.52,36.52),(957,'2025-09-17',98,94,3,1,12.39,102.59),(958,'2025-07-06',199,80,4,6,14.42,393.94),(959,'2025-12-04',138,50,4,9,13.66,807.44),(960,'2025-10-10',40,79,5,6,8.20,445.71),(961,'2025-06-14',29,13,9,2,0.88,51.74),(962,'2025-03-08',46,5,4,2,9.71,342.00),(963,'2025-02-20',9,74,7,8,10.52,661.29),(964,'2025-12-26',152,33,1,6,4.41,822.05),(965,'2025-02-06',4,27,8,2,9.36,74.92),(966,'2025-11-24',16,47,9,7,16.44,252.86),(967,'2025-12-29',15,79,5,9,0.81,722.38),(968,'2025-02-06',78,10,4,9,1.94,236.96),(969,'2025-04-29',137,50,4,4,10.52,371.91),(970,'2025-05-08',146,81,3,9,14.98,1140.96),(971,'2025-08-01',192,14,10,6,13.49,341.18),(972,'2025-12-26',171,55,2,3,15.85,426.77),(973,'2025-10-09',103,65,6,3,10.68,573.06),(974,'2025-11-04',114,46,6,9,19.83,530.61),(975,'2025-06-16',96,53,7,6,12.17,428.96),(976,'2025-10-16',140,28,7,9,18.52,309.75),(977,'2025-05-11',93,58,8,7,0.00,1313.90),(978,'2025-01-18',73,77,1,9,2.70,2017.17),(979,'2025-06-04',2,39,4,4,17.11,723.43),(980,'2025-01-12',198,89,5,9,10.23,330.52),(981,'2025-10-20',147,20,2,1,9.21,19.51),(982,'2025-03-21',36,34,6,10,5.00,2316.29),(983,'2025-05-12',77,12,10,7,11.38,845.09),(984,'2025-04-22',188,10,6,8,3.46,207.37),(985,'2025-12-20',180,74,2,10,12.85,805.09),(986,'2025-01-20',188,74,7,2,15.60,155.94),(987,'2025-06-21',90,56,7,2,17.40,264.49),(988,'2025-04-27',192,84,10,1,12.68,197.78),(989,'2025-11-20',98,7,5,9,0.82,2010.18),(990,'2025-10-04',145,20,6,9,13.96,166.41),(991,'2025-03-20',13,87,7,8,15.06,1694.93),(992,'2025-10-22',130,12,4,7,5.80,898.30),(993,'2025-07-21',38,17,6,2,9.52,127.94),(994,'2025-01-26',141,52,5,2,7.97,125.51),(995,'2025-08-11',199,90,3,3,9.62,83.62),(996,'2025-04-12',125,51,10,4,11.22,373.37),(997,'2025-09-26',64,32,2,5,15.54,793.25),(998,'2025-06-15',176,74,2,2,13.43,159.95),(999,'2025-08-05',94,45,4,6,6.89,214.25),(1000,'2025-12-02',7,99,5,3,19.75,585.87)
;

INSERT INTO sales (sale_id, sale_date,customer_id, product_id,store_id, quantity, discount,total_amount)
VALUES
(1001,'2025-11-12',114,80,3,8,0.90,608.24),(1002,'2025-04-30',52,88,6,3,15.15,349.22),(1003,'2025-02-13',29,95,1,4,18.98,112.16),(1004,'2025-03-17',74,2,6,2,6.10,48.36),(1005,'2025-08-30',6,43,4,9,4.24,624.14),(1006,'2025-10-07',134,97,5,9,9.66,2025.41),(1007,'2025-03-14',178,90,1,7,11.66,190.71),(1008,'2025-12-06',135,6,5,3,1.20,520.60),(1009,'2025-04-13',179,80,5,1,9.30,69.59),(1010,'2025-01-05',18,50,5,6,17.29,515.66),(1011,'2025-01-10',75,84,7,4,19.60,728.42),(1012,'2025-09-18',182,13,6,8,17.34,172.59),(1013,'2025-09-30',23,24,4,9,19.34,404.78),(1014,'2025-10-15',183,3,1,4,18.45,271.59),(1015,'2025-06-06',86,63,7,3,0.37,442.66),(1016,'2025-12-17',91,46,5,4,19.92,235.56),(1017,'2025-09-14',71,8,5,7,17.81,230.13),(1018,'2025-01-16',143,36,4,3,6.84,410.75),(1019,'2025-07-21',169,18,2,7,10.41,975.38),(1020,'2025-12-14',157,81,4,7,4.81,993.56),(1021,'2025-03-20',110,40,10,6,8.98,834.42),(1022,'2025-03-09',53,84,3,10,10.83,2019.70),(1023,'2025-04-14',36,40,9,3,8.60,418.95),(1024,'2025-03-16',168,73,3,6,1.36,1311.28),(1025,'2025-09-30',185,16,3,6,16.79,725.62),(1026,'2025-03-16',187,4,6,7,19.22,403.40),(1027,'2025-06-05',114,96,5,3,15.58,272.94),(1028,'2025-02-24',34,24,1,10,12.34,488.79),(1029,'2025-11-07',146,79,4,10,4.64,771.65),(1030,'2025-12-18',7,46,2,8,2.68,572.55),(1031,'2025-11-06',121,92,6,3,17.04,408.93),(1032,'2025-09-09',122,18,3,4,4.53,593.94),(1033,'2025-07-29',196,2,5,7,4.45,172.23),(1034,'2025-12-10',52,97,4,2,3.54,480.58),(1035,'2025-08-13',158,63,6,8,17.75,974.50),(1036,'2025-08-07',104,100,1,10,14.71,1859.15),(1037,'2025-07-14',185,41,7,10,18.78,1478.61),(1038,'2025-10-20',153,69,9,1,10.41,82.92),(1039,'2025-08-20',117,6,4,9,10.76,1410.67),(1040,'2025-01-21',143,50,9,1,3.80,99.96),(1041,'2025-08-14',102,39,5,8,3.33,1687.39),(1042,'2025-05-31',157,7,9,3,9.27,612.97),(1043,'2025-11-27',116,12,9,2,3.60,262.65),(1044,'2025-10-27',179,70,3,7,8.27,523.83),(1045,'2025-08-19',7,23,8,10,17.93,806.42),(1046,'2025-04-14',117,12,5,6,13.83,704.34),(1047,'2025-12-31',42,92,2,2,2.28,321.13),(1048,'2025-08-19',163,47,2,9,14.15,334.02),(1049,'2025-09-19',157,21,7,9,7.61,1707.42),(1050,'2025-03-29',86,73,3,3,17.38,549.16),(1051,'2025-04-02',197,92,1,7,6.16,1079.32),(1052,'2025-08-17',74,81,3,2,17.97,244.63),(1053,'2025-04-14',1,80,5,1,9.17,69.68),(1054,'2025-09-13',140,1,10,8,4.76,1272.94),(1055,'2025-10-29',169,61,8,7,8.84,1579.92),(1056,'2025-11-04',154,1,4,9,5.56,1420.03),(1057,'2025-11-18',143,27,1,3,2.97,120.31),(1058,'2025-12-01',90,5,3,1,13.34,164.13),(1059,'2025-11-05',77,43,2,1,2.18,70.84),(1060,'2025-04-02',42,87,5,10,13.22,2164.55),(1061,'2025-12-25',153,74,9,3,19.33,223.57),(1062,'2025-10-24',93,5,2,5,6.46,885.78),(1063,'2025-07-14',18,98,7,9,1.30,1258.72),(1064,'2025-08-30',35,16,5,6,10.54,780.13),(1065,'2025-09-26',54,90,4,10,1.16,304.82),(1066,'2025-10-20',187,81,9,2,9.67,269.38),(1067,'2025-12-19',155,91,5,7,12.18,277.99),(1068,'2025-06-12',67,68,10,10,7.08,254.41),(1069,'2025-03-08',158,73,8,9,14.58,1703.31),(1070,'2025-09-12',127,24,10,4,14.17,191.44),(1071,'2025-04-10',1,16,1,8,12.51,1017.26),(1072,'2025-03-02',189,27,10,7,8.28,265.36),(1073,'2025-06-20',90,72,4,1,12.81,206.53),(1074,'2025-12-20',73,33,2,5,6.01,673.58),(1075,'2025-10-09',83,99,1,2,13.72,419.92),(1076,'2025-06-24',102,93,10,10,19.20,1633.61),(1077,'2025-03-31',50,43,6,8,18.32,473.22),(1078,'2025-01-19',166,18,8,3,12.54,408.08),(1079,'2025-10-02',86,60,7,1,16.70,89.36),(1080,'2025-06-03',145,93,6,9,10.72,1624.56),(1081,'2025-04-17',148,88,6,6,1.32,812.27),(1082,'2025-03-18',72,4,6,7,12.53,436.81),(1083,'2025-03-26',147,78,7,3,11.90,331.80),(1084,'2025-06-07',181,41,1,5,8.28,834.88),(1085,'2025-09-12',61,48,8,5,4.32,401.52),(1086,'2025-06-04',45,15,6,1,15.56,143.10),(1087,'2025-02-17',114,65,1,8,18.10,1401.21),(1088,'2025-03-20',49,44,8,9,6.21,730.66),(1089,'2025-06-17',37,99,2,9,13.53,1893.82),(1090,'2025-03-09',53,93,1,8,7.75,1492.09),(1091,'2025-09-25',30,1,5,1,13.74,144.11),(1092,'2025-11-01',23,43,8,1,2.06,70.93),(1093,'2025-12-04',191,40,1,10,15.17,1296.12),(1094,'2025-11-24',54,42,4,4,5.73,115.16),(1095,'2025-09-30',82,99,8,2,5.45,460.17),(1096,'2025-03-22',71,15,1,10,11.19,1505.06),(1097,'2025-02-22',53,70,6,9,6.37,687.45),(1098,'2025-03-14',181,37,10,4,3.43,814.12),(1099,'2025-06-09',157,44,9,8,1.01,685.49),(1100,'2025-01-15',121,87,1,2,7.67,460.60),(1101,'2025-02-14',110,51,3,10,17.83,863.94),(1102,'2025-11-19',177,90,8,10,7.11,286.47),(1103,'2025-06-20',51,92,9,2,19.47,264.64),(1104,'2025-08-27',146,17,2,8,1.95,554.57),(1105,'2025-06-08',176,83,8,8,4.63,1178.39),(1106,'2025-04-25',37,79,5,6,7.84,447.46),(1107,'2025-12-25',171,43,6,8,9.75,522.87),(1108,'2025-02-03',122,15,6,8,9.22,1230.76),(1109,'2025-03-29',73,99,6,10,11.49,2153.89),(1110,'2025-09-18',27,52,2,6,11.12,363.64),(1111,'2025-02-06',78,69,8,7,11.81,571.34),(1112,'2025-05-03',159,32,9,3,19.48,453.75),(1113,'2025-07-16',17,44,4,10,8.62,790.99),(1114,'2025-08-11',146,44,9,4,3.46,334.26),(1115,'2025-12-09',20,95,10,8,2.29,270.54),(1116,'2025-11-02',119,42,9,2,16.44,51.04),(1117,'2025-04-01',79,52,2,10,2.17,667.10),(1118,'2025-11-02',198,49,6,8,12.90,1158.15),(1119,'2025-02-01',24,28,3,10,18.07,346.07),(1120,'2025-11-22',1,97,3,3,9.06,679.62),(1121,'2025-05-30',100,79,10,8,3.91,622.05),(1122,'2025-12-15',82,39,10,5,18.37,890.54),(1123,'2025-08-11',184,45,2,10,0.16,382.89),(1124,'2025-09-19',104,17,5,1,7.38,65.48),(1125,'2025-10-09',14,1,9,6,2.19,980.47),(1126,'2025-05-25',8,31,7,10,7.89,1894.15),(1127,'2025-06-12',183,49,7,7,8.70,1062.25),(1128,'2025-04-19',170,23,8,3,3.76,283.70),(1129,'2025-07-16',93,54,3,5,19.95,942.31),(1130,'2025-12-10',33,18,1,2,12.97,270.72),(1131,'2025-03-15',185,63,7,3,1.69,436.79),(1132,'2025-11-25',107,59,10,7,12.46,352.84),(1133,'2025-08-21',131,55,9,8,7.69,1248.40),(1134,'2025-04-26',48,55,10,1,11.56,149.51),(1135,'2025-05-02',183,65,5,7,18.53,1219.62),(1136,'2025-10-23',94,5,1,10,9.67,1710.76),(1137,'2025-07-08',29,75,8,2,2.84,331.80),(1138,'2025-09-27',193,100,5,8,10.34,1563.53),(1139,'2025-09-25',157,12,4,8,12.61,952.41),(1140,'2025-12-06',172,10,9,10,6.25,251.72),(1141,'2025-01-28',88,69,1,8,9.08,673.17),(1142,'2025-08-29',147,94,6,7,7.06,761.83),(1143,'2025-05-31',75,22,1,10,14.99,1535.03),(1144,'2025-10-16',67,8,8,10,3.38,386.48),(1145,'2025-01-27',169,38,10,1,5.74,152.95),(1146,'2025-02-12',33,65,2,5,5.04,1015.41),(1147,'2025-11-12',72,36,5,1,14.83,125.17),(1148,'2025-11-06',45,76,3,8,7.40,822.29),(1149,'2025-03-31',67,90,4,8,3.62,237.79),(1150,'2025-09-28',9,44,2,3,11.91,228.75),(1151,'2025-03-20',127,97,7,7,4.76,1660.77),(1152,'2025-08-14',186,82,3,4,11.56,284.53),(1153,'2025-06-26',14,83,5,2,1.05,305.66),(1154,'2025-08-26',103,61,5,8,14.92,1685.20),(1155,'2025-09-30',60,49,7,8,5.25,1259.87),(1156,'2025-09-29',112,2,5,8,7.64,190.26),(1157,'2025-06-11',136,88,1,2,18.35,224.03),(1158,'2025-11-23',91,56,10,5,6.70,746.87),(1159,'2025-05-17',26,33,10,7,9.22,910.80),(1160,'2025-12-12',192,31,10,4,10.40,737.01),(1161,'2025-12-13',177,24,6,9,0.21,500.79),(1162,'2025-01-05',18,2,7,2,10.51,46.09),(1163,'2025-12-17',115,45,4,5,5.04,182.09),(1164,'2025-01-18',7,80,2,1,18.77,62.32),(1165,'2025-12-03',56,77,2,2,1.73,452.73),(1166,'2025-11-06',34,49,10,3,17.92,409.28),(1167,'2025-12-23',48,33,5,8,13.21,995.17),(1168,'2025-02-08',164,59,5,7,13.84,347.28),(1169,'2025-12-08',198,99,6,5,3.24,1177.33),(1170,'2025-02-07',71,100,1,7,7.77,1407.30),(1171,'2025-01-31',67,34,3,8,1.39,1923.45),(1172,'2025-04-13',157,51,3,8,2.17,822.87),(1173,'2025-10-04',197,56,4,10,12.87,1394.95),(1174,'2025-08-15',184,34,2,1,1.46,240.26),(1175,'2025-10-20',187,33,8,1,17.93,117.63),(1176,'2025-03-18',168,82,1,1,13.29,69.74),(1177,'2025-05-17',39,90,6,7,11.49,191.08),(1178,'2025-09-21',182,99,8,8,8.72,1777.04),(1179,'2025-02-05',139,29,1,7,19.08,1217.39),(1180,'2025-09-04',32,73,9,6,6.67,1240.69),(1181,'2025-06-05',103,8,2,6,10.69,214.34),(1182,'2025-06-24',21,59,5,4,3.53,222.19),(1183,'2025-01-21',99,85,4,5,13.92,481.45),(1184,'2025-02-24',162,89,6,8,1.70,321.72),(1185,'2025-11-20',113,95,4,3,0.71,103.09),(1186,'2025-01-13',185,76,4,8,7.78,818.91),(1187,'2025-10-04',165,40,8,9,19.30,1109.71),(1188,'2025-08-19',5,5,6,1,6.75,176.61),(1189,'2025-01-22',104,16,4,9,9.17,1188.11),(1190,'2025-12-14',138,20,10,4,18.50,70.06),(1191,'2025-01-19',189,19,8,1,9.42,186.75),(1192,'2025-11-13',12,32,3,1,3.44,181.38),(1193,'2025-01-26',79,13,8,10,3.41,252.10),(1194,'2025-10-30',17,14,2,8,11.90,463.27),(1195,'2025-11-12',57,9,4,7,6.75,763.98),(1196,'2025-12-14',103,42,2,10,10.92,272.05),(1197,'2025-06-14',55,98,1,10,3.47,1367.83),(1198,'2025-02-02',31,36,3,7,3.36,994.22),(1199,'2025-07-09',142,22,8,4,18.51,588.59),(1200,'2025-01-21',35,13,10,7,15.55,154.29),(1201,'2025-01-09',125,11,1,1,3.59,67.77),(1202,'2025-02-15',181,84,10,5,8.32,1038.28),(1203,'2025-09-01',178,17,4,3,12.80,184.95),(1204,'2025-09-25',116,53,4,3,12.21,214.38),(1205,'2025-01-20',153,24,8,10,19.01,451.60),(1206,'2025-11-18',78,45,7,1,11.15,34.07),(1207,'2025-04-09',31,68,2,10,7.24,253.98),(1208,'2025-10-04',130,29,8,4,5.53,812.14),(1209,'2025-04-10',29,20,8,8,3.53,165.85),(1210,'2025-12-10',12,7,6,5,4.19,1078.82),(1211,'2025-05-09',86,79,8,1,2.09,79.23),(1212,'2025-01-27',138,23,3,1,9.70,88.73),(1213,'2025-03-01',19,31,8,10,11.60,1817.86),(1214,'2025-08-03',51,96,6,4,15.58,363.92),(1215,'2025-06-16',59,13,4,7,17.40,150.91),(1216,'2025-07-12',57,10,8,10,9.69,242.48),(1217,'2025-08-12',38,28,10,8,3.56,325.89),(1218,'2025-07-11',35,59,4,6,19.51,278.08),(1219,'2025-04-14',86,17,1,10,1.19,698.59),(1220,'2025-03-11',29,60,8,7,3.42,725.21),(1221,'2025-06-25',57,38,10,3,15.79,409.92),(1222,'2025-11-23',157,22,10,9,17.10,1347.23),(1223,'2025-02-14',106,67,8,4,11.83,256.33),(1224,'2025-08-25',72,2,7,4,4.96,97.89),(1225,'2025-08-11',149,29,10,3,18.28,526.90),(1226,'2025-01-03',107,6,1,8,14.67,1198.99),(1227,'2025-09-16',9,55,9,7,9.59,1069.87),(1228,'2025-12-23',26,58,8,4,1.66,738.34),(1229,'2025-01-07',178,94,7,4,2.65,455.99),(1230,'2025-06-01',62,83,2,1,9.60,139.62),(1231,'2025-06-06',42,91,8,10,14.95,384.60),(1232,'2025-01-13',117,60,3,7,3.70,723.11),(1233,'2025-07-09',161,60,1,2,7.70,198.02),(1234,'2025-12-20',86,68,1,5,8.52,125.24),(1235,'2025-05-19',179,79,9,10,15.89,680.62),(1236,'2025-12-17',21,80,6,1,10.29,68.83),(1237,'2025-12-12',94,7,2,7,7.31,1461.17),(1238,'2025-11-13',11,47,6,3,12.96,112.88),(1239,'2025-12-27',18,72,4,3,19.63,571.12),(1240,'2025-05-03',139,15,8,10,17.42,1399.48),(1241,'2025-12-26',54,97,4,6,7.05,1389.29),(1242,'2025-05-17',129,88,7,5,1.09,678.47),(1243,'2025-07-10',89,58,8,9,10.53,1511.42),(1244,'2025-03-04',121,91,9,9,17.99,333.76),(1245,'2025-08-20',159,48,2,4,17.84,275.83),(1246,'2025-08-23',23,11,7,3,5.77,198.70),(1247,'2025-02-09',28,22,5,2,13.94,310.80),(1248,'2025-09-12',39,27,9,1,5.86,38.91),(1249,'2025-12-16',139,17,8,6,8.40,388.57),(1250,'2025-11-27',6,38,4,2,0.44,323.09),(1251,'2025-04-29',134,83,6,7,11.57,956.06),(1252,'2025-12-02',166,42,8,10,13.32,264.72),(1253,'2025-09-29',141,57,8,5,11.35,263.11),(1254,'2025-06-06',44,34,4,8,7.44,1805.44),(1255,'2025-05-28',198,7,3,6,5.69,1274.32),(1256,'2025-03-27',159,21,9,5,3.65,989.23),(1257,'2025-03-31',182,89,3,3,4.76,116.89),(1258,'2025-01-22',82,74,3,8,5.21,700.54),(1259,'2025-04-05',53,72,1,6,19.56,1143.23),(1260,'2025-03-17',96,58,9,3,10.67,503.02),(1261,'2025-03-04',7,52,8,3,18.96,165.78),(1262,'2025-06-13',40,1,9,9,6.63,1403.94),(1263,'2025-12-28',76,61,5,10,13.34,2145.61),(1264,'2025-10-17',187,57,6,2,14.63,101.35),(1265,'2025-01-21',36,87,9,2,6.16,468.13),(1266,'2025-07-25',159,29,8,6,1.85,1265.66),(1267,'2025-01-29',156,83,4,10,10.53,1381.86),(1268,'2025-05-23',51,3,2,9,16.99,622.03),(1269,'2025-12-13',172,12,9,7,3.89,916.51),(1270,'2025-06-12',155,78,9,1,18.17,102.73),(1271,'2025-07-04',102,19,7,6,7.72,1141.52),(1272,'2025-01-07',73,45,6,5,19.55,154.26),(1273,'2025-10-15',23,28,8,7,16.07,248.16),(1274,'2025-05-28',42,94,7,7,2.79,796.83),(1275,'2025-10-28',154,12,3,4,6.06,511.90),(1276,'2025-09-26',86,9,10,7,1.77,804.78),(1277,'2025-07-29',164,35,7,3,11.12,285.46),(1278,'2025-12-30',146,97,3,4,3.72,959.37),(1279,'2025-07-15',75,71,8,1,16.46,57.25),(1280,'2025-06-04',150,39,8,9,14.80,1673.08),(1281,'2025-04-25',7,1,3,5,6.00,785.23),(1282,'2025-11-24',163,61,2,5,8.34,1134.70),(1283,'2025-09-09',177,83,4,1,2.39,150.76),(1284,'2025-05-22',127,9,10,6,11.62,620.64),(1285,'2025-10-17',112,34,8,2,7.46,451.26),(1286,'2025-10-22',5,34,3,10,1.17,2409.67),(1287,'2025-06-13',119,89,3,6,3.27,237.43),(1288,'2025-05-20',93,54,6,1,5.80,221.78),(1289,'2025-09-29',164,10,9,4,15.33,90.94),(1290,'2025-04-04',196,13,10,3,10.87,69.79),(1291,'2025-06-11',176,39,5,6,1.92,1284.00),(1292,'2025-10-24',91,19,1,3,10.36,554.43),(1293,'2025-07-10',200,63,7,6,18.42,724.92),(1294,'2025-03-25',27,28,3,9,4.42,363.36),(1295,'2025-04-07',144,79,9,9,14.25,624.50),(1296,'2025-12-26',194,15,7,8,18.32,1107.38),(1297,'2025-03-01',34,3,8,6,6.23,468.44),(1298,'2025-07-05',36,57,10,9,15.27,452.66),(1299,'2025-06-25',45,91,5,1,14.89,38.49),(1300,'2025-03-02',57,17,3,4,6.15,265.41),(1301,'2025-04-18',34,11,7,2,1.55,138.40),(1302,'2025-09-05',194,56,1,4,2.16,626.57),(1303,'2025-12-04',132,76,1,8,2.38,866.87),(1304,'2025-05-10',12,9,5,1,15.09,99.38),(1305,'2025-03-05',155,27,10,4,3.70,159.20),(1306,'2025-06-29',8,12,3,5,18.98,551.87),(1307,'2025-06-28',91,21,9,10,4.84,1954.02),(1308,'2025-10-19',18,13,10,1,10.58,23.34),(1309,'2025-04-09',73,22,9,1,19.47,145.41),(1310,'2025-02-20',55,65,8,6,13.96,1104.03),(1311,'2025-04-05',113,87,2,3,16.69,623.40),(1312,'2025-07-14',109,28,9,4,8.15,155.19),(1313,'2025-06-10',32,60,2,9,2.72,939.17),(1314,'2025-07-04',181,37,9,1,1.64,207.30),(1315,'2025-09-10',30,50,5,8,12.01,731.44),(1316,'2025-06-09',176,57,4,9,8.15,490.70),(1317,'2025-08-08',49,9,8,6,3.59,677.03),(1318,'2025-12-12',126,87,2,7,8.76,1593.06),(1319,'2025-12-04',174,11,2,3,7.90,194.21),(1320,'2025-12-22',152,14,3,2,7.27,121.90),(1321,'2025-04-12',87,26,10,7,2.46,665.16),(1322,'2025-08-06',186,64,5,10,11.87,1563.95),(1323,'2025-11-26',103,46,8,10,19.00,595.67),(1324,'2025-09-06',131,36,3,8,2.16,1150.36),(1325,'2025-05-09',126,64,4,3,0.59,529.24),(1326,'2025-01-28',18,64,1,3,7.65,491.65),(1327,'2025-12-14',84,20,5,10,12.46,188.12),(1328,'2025-02-09',170,97,9,8,15.85,1677.01),(1329,'2025-04-14',76,85,8,8,10.10,804.50),(1330,'2025-10-05',88,70,9,1,19.05,66.04),(1331,'2025-01-17',111,16,7,8,6.29,1089.58),(1332,'2025-07-12',114,59,1,1,3.54,55.54),(1333,'2025-12-04',200,39,3,8,8.61,1595.23),(1334,'2025-06-09',184,50,8,2,11.38,184.17),(1335,'2025-09-09',169,71,9,10,9.40,620.88),(1336,'2025-10-15',41,65,1,7,5.27,1418.13),(1337,'2025-10-30',97,79,6,5,6.41,378.67),(1338,'2025-01-15',152,6,3,6,6.98,980.28),(1339,'2025-10-26',7,98,6,7,1.95,972.56),(1340,'2025-06-26',92,53,6,1,13.22,70.64),(1341,'2025-05-07',61,83,5,10,1.70,1518.24),(1342,'2025-12-19',17,40,2,6,3.40,885.57),(1343,'2025-10-03',84,5,8,7,11.36,1175.13),(1344,'2025-08-04',69,3,8,10,0.44,828.94),(1345,'2025-06-12',97,74,7,6,11.45,490.81),(1346,'2025-09-08',26,89,4,6,9.93,221.09),(1347,'2025-12-08',87,22,10,5,7.27,837.21),(1348,'2025-08-12',52,64,2,9,4.28,1528.78),(1349,'2025-05-16',13,39,10,7,16.09,1281.58),(1350,'2025-11-16',191,12,10,2,11.84,240.20),(1351,'2025-05-20',18,73,9,8,8.54,1621.11),(1352,'2025-06-27',20,84,5,9,16.08,1710.71),(1353,'2025-08-10',170,70,6,4,8.29,299.27),(1354,'2025-05-09',160,66,8,9,3.61,1721.83),(1355,'2025-01-10',161,91,9,3,11.54,120.00),(1356,'2025-04-20',170,96,8,5,18.74,437.87),(1357,'2025-09-30',158,99,7,10,14.53,2079.91),(1358,'2025-01-31',134,26,6,8,2.95,756.37),(1359,'2025-03-19',192,88,5,7,8.21,881.49),(1360,'2025-02-02',163,27,7,5,16.47,172.61),(1361,'2025-11-27',42,33,10,4,8.12,526.77),(1362,'2025-02-28',39,25,1,4,15.94,807.51),(1363,'2025-06-08',119,63,9,7,8.44,949.20),(1364,'2025-01-19',52,21,5,3,0.58,612.45),(1365,'2025-05-23',169,71,3,1,19.28,55.32),(1366,'2025-09-06',6,8,2,6,12.03,211.13),(1367,'2025-02-02',105,47,2,7,18.86,245.54),(1368,'2025-03-13',61,15,10,9,18.66,1240.62),(1369,'2025-09-25',171,75,9,5,9.93,768.97),(1370,'2025-02-16',61,77,2,6,6.59,1291.02),(1371,'2025-10-27',189,50,4,7,4.36,695.66),(1372,'2025-02-24',45,28,5,8,8.17,310.31),(1373,'2025-10-29',15,63,9,6,13.99,764.28),(1374,'2025-02-27',82,70,7,8,13.65,563.55),(1375,'2025-05-23',38,47,8,6,16.43,216.76),(1376,'2025-01-11',166,78,1,1,13.81,108.20),(1377,'2025-12-10',62,33,9,7,6.19,941.21),(1378,'2025-12-25',93,88,2,9,17.34,1020.61),(1379,'2025-08-15',100,2,7,5,6.02,121.00),(1380,'2025-05-01',77,27,3,8,12.63,288.88),(1381,'2025-11-26',105,5,5,2,16.46,316.43),(1382,'2025-09-09',121,95,7,6,14.35,177.86),(1383,'2025-02-21',42,90,5,9,1.33,273.87),(1384,'2025-08-04',155,94,9,6,9.07,638.87),(1385,'2025-01-15',196,7,3,8,15.82,1516.59),(1386,'2025-03-11',1,52,4,5,6.27,319.57),(1387,'2025-02-12',29,21,4,9,14.27,1584.34),(1388,'2025-11-29',196,17,10,7,15.85,416.46),(1389,'2025-06-13',116,62,3,5,3.47,806.99),(1390,'2025-10-31',84,37,4,2,8.29,386.58),(1391,'2025-04-04',101,49,10,4,0.41,662.11),(1392,'2025-01-12',143,83,10,4,18.14,505.73),(1393,'2025-08-25',51,34,3,1,8.02,224.27),(1394,'2025-08-08',154,34,3,2,19.16,394.21),(1395,'2025-03-29',146,16,1,9,8.70,1194.26),(1396,'2025-08-21',173,64,2,4,14.27,608.55),(1397,'2025-04-08',69,37,8,7,2.60,1436.96),(1398,'2025-04-16',154,28,5,4,8.37,154.82),(1399,'2025-07-29',38,4,5,5,4.71,339.90),(1400,'2025-08-19',64,48,10,8,1.71,659.96),(1401,'2025-08-29',35,42,7,4,14.27,104.73),(1402,'2025-12-29',109,95,10,5,1.46,170.52),(1403,'2025-10-13',16,7,6,4,9.42,815.94),(1404,'2025-07-01',156,86,10,1,0.11,70.36),(1405,'2025-09-16',159,49,5,7,13.43,1007.22),(1406,'2025-03-09',144,6,10,3,5.21,499.47),(1407,'2025-09-15',127,44,8,3,1.79,255.03),(1408,'2025-12-30',136,56,3,5,2.34,781.77),(1409,'2025-01-23',33,64,5,6,18.52,867.57),(1410,'2025-05-25',68,79,5,9,6.26,682.69),(1411,'2025-03-26',81,95,8,3,11.11,92.29),(1412,'2025-12-03',163,57,1,4,2.97,230.39),(1413,'2025-04-28',47,5,8,5,3.27,915.98),(1414,'2025-08-28',112,15,8,1,8.83,154.51),(1415,'2025-12-30',144,63,8,8,2.25,1158.14),(1416,'2025-03-17',32,45,2,4,17.36,126.77),(1417,'2025-04-03',44,96,9,5,11.26,478.18),(1418,'2025-12-06',150,28,10,1,10.52,37.80),(1419,'2025-10-20',47,54,2,4,15.37,796.98),(1420,'2025-12-13',25,43,1,5,13.63,312.75),(1421,'2025-12-15',32,51,6,10,18.58,856.05),(1422,'2025-02-24',83,20,1,2,9.20,39.03),(1423,'2025-12-29',169,62,8,5,11.88,736.68),(1424,'2025-01-03',85,6,10,8,6.50,1313.79),(1425,'2025-10-19',34,28,1,5,6.46,197.56),(1426,'2025-01-29',191,10,9,10,7.63,248.01),(1427,'2025-07-24',66,23,4,7,1.78,675.58),(1428,'2025-04-17',42,50,7,5,12.94,452.32),(1429,'2025-12-01',40,16,5,8,16.02,976.45),(1430,'2025-06-08',176,78,3,6,13.31,652.98),(1431,'2025-07-08',132,26,8,8,17.71,641.34),(1432,'2025-09-01',69,73,10,7,1.80,1523.00),(1433,'2025-08-05',95,79,3,7,12.61,495.01),(1434,'2025-02-17',11,66,6,8,13.53,1373.01),(1435,'2025-11-28',176,92,3,8,10.55,1175.80),(1436,'2025-11-28',135,11,5,8,8.75,513.12),(1437,'2025-09-02',77,20,3,5,16.83,89.37),(1438,'2025-09-25',110,38,10,1,11.02,144.38),(1439,'2025-01-24',132,14,9,7,8.26,422.10),(1440,'2025-08-26',170,93,10,5,7.11,939.03),(1441,'2025-10-27',21,99,9,1,2.28,237.80),(1442,'2025-12-05',119,23,3,7,0.91,681.56),(1443,'2025-08-02',181,39,6,10,14.48,1865.96),(1444,'2025-12-10',116,80,5,6,19.33,371.34),(1445,'2025-04-06',55,24,2,10,5.19,528.66),(1446,'2025-12-11',28,56,9,1,0.12,159.91),(1447,'2025-03-01',4,22,8,8,13.84,1244.63),(1448,'2025-12-03',191,78,8,5,12.37,550.05),(1449,'2025-11-12',93,89,7,5,1.75,200.97),(1450,'2025-03-11',4,25,2,1,13.92,206.73),(1451,'2025-04-07',7,27,8,3,12.99,107.88),(1452,'2025-08-12',161,69,4,2,6.02,173.96),(1453,'2025-08-26',38,61,7,1,2.33,241.82),(1454,'2025-03-20',190,90,8,8,9.43,223.45),(1455,'2025-08-19',150,32,4,5,11.39,832.23),(1456,'2025-07-20',14,43,1,2,12.61,126.58),(1457,'2025-08-10',107,64,10,10,14.62,1515.15),(1458,'2025-05-29',10,63,7,8,10.27,1063.12),(1459,'2025-11-10',174,63,4,1,10.57,132.45),(1460,'2025-08-05',148,41,9,2,5.36,344.58),(1461,'2025-11-28',107,61,2,8,12.45,1734.12),(1462,'2025-11-27',89,58,7,1,3.23,181.64),(1463,'2025-04-09',121,45,8,4,10.15,137.83),(1464,'2025-10-28',176,44,10,8,2.62,674.34),(1465,'2025-05-31',186,92,7,7,16.66,958.55),(1466,'2025-12-11',168,95,6,8,16.00,232.58),(1467,'2025-03-24',160,27,5,2,13.34,71.63),(1468,'2025-03-08',45,26,3,10,9.84,878.34),(1469,'2025-08-01',127,39,4,4,11.14,775.53),(1470,'2025-01-10',92,34,6,3,3.49,705.93),(1471,'2025-09-15',9,9,6,7,2.28,800.60),(1472,'2025-04-27',31,72,4,8,5.16,1797.18),(1473,'2025-06-24',91,99,1,9,5.35,2072.98),(1474,'2025-03-19',177,66,10,2,14.13,340.87),(1475,'2025-08-13',118,97,2,2,15.63,420.35),(1476,'2025-11-09',27,72,1,9,2.11,2086.85),(1477,'2025-11-19',31,27,6,3,14.57,105.92),(1478,'2025-12-29',114,98,9,8,14.65,967.53),(1479,'2025-02-20',40,83,6,6,16.38,774.91),(1480,'2025-03-04',52,57,7,1,4.91,56.45),(1481,'2025-08-31',88,37,9,3,1.70,621.53),(1482,'2025-07-10',184,97,7,6,12.59,1306.48),(1483,'2025-05-06',39,97,9,7,15.74,1469.30),(1484,'2025-03-12',110,53,7,8,19.04,527.21),(1485,'2025-09-22',175,47,1,8,2.91,335.78),(1486,'2025-01-06',184,67,2,2,6.77,135.52),(1487,'2025-07-25',198,22,7,1,7.87,166.36),(1488,'2025-01-19',170,83,3,10,1.16,1526.58),(1489,'2025-11-20',183,85,9,5,8.39,512.37),(1490,'2025-12-15',180,71,5,6,18.18,336.43),(1491,'2025-01-05',72,68,10,3,14.01,70.63),(1492,'2025-08-17',165,27,9,10,15.77,348.12),(1493,'2025-11-30',114,90,6,7,15.51,182.40),(1494,'2025-06-04',22,5,9,6,7.80,1047.71),(1495,'2025-03-06',134,70,5,4,1.86,320.25),(1496,'2025-10-10',80,67,6,3,0.47,217.02),(1497,'2025-10-04',152,34,4,5,14.53,1041.96),(1498,'2025-09-16',29,94,1,6,5.20,666.06),(1499,'2025-09-17',91,16,1,2,8.97,264.61),(1500,'2025-10-21',189,1,8,6,19.66,805.34),(1501,'2025-10-25',145,92,9,10,4.68,1566.20),(1502,'2025-06-03',73,86,10,3,14.29,181.12),(1503,'2025-09-24',189,32,2,6,10.33,1010.62),(1504,'2025-04-09',200,47,8,2,2.93,83.93),(1505,'2025-08-06',106,11,2,1,8.50,64.32),(1506,'2025-03-08',122,28,8,2,7.39,78.24),(1507,'2025-09-27',104,76,9,9,15.58,843.36),(1508,'2025-05-16',150,64,7,8,13.78,1224.05),(1509,'2025-09-08',188,54,3,3,10.12,634.81),(1510,'2025-09-06',183,59,3,9,17.27,428.72),(1511,'2025-03-02',178,28,8,8,0.65,335.72),(1512,'2025-03-22',144,48,2,10,17.05,696.20),(1513,'2025-02-26',31,48,10,5,0.81,416.25),(1514,'2025-03-20',31,48,5,6,6.07,473.01),(1515,'2025-09-06',8,19,3,10,8.44,1887.69),(1516,'2025-06-06',73,28,3,8,0.04,337.78),(1517,'2025-10-08',90,9,1,7,9.62,740.47),(1518,'2025-06-08',145,58,6,7,9.50,1189.08),(1519,'2025-11-07',34,98,3,9,12.73,1112.95),(1520,'2025-08-19',171,58,3,6,1.79,1106.04),(1521,'2025-11-16',171,80,7,7,4.66,512.01),(1522,'2025-07-22',87,70,1,8,14.72,556.57),(1523,'2025-11-27',23,22,1,10,12.60,1578.18),(1524,'2025-12-29',80,72,2,9,1.70,2095.59),(1525,'2025-11-13',139,74,1,10,10.44,827.36),(1526,'2025-09-01',129,3,2,9,3.59,722.44),(1527,'2025-01-10',71,27,4,10,8.88,376.60),(1528,'2025-10-01',156,42,7,10,0.90,302.65),(1529,'2025-01-12',88,56,3,7,0.48,1115.32),(1530,'2025-09-28',82,49,5,2,2.29,324.81),(1531,'2025-02-20',139,22,5,3,3.65,521.94),(1532,'2025-02-15',40,40,7,3,1.18,452.96),(1533,'2025-06-16',47,4,1,5,7.80,328.88),(1534,'2025-06-13',37,53,6,5,7.51,376.43),(1535,'2025-03-03',14,26,4,10,11.72,860.02),(1536,'2025-09-10',131,97,9,7,18.99,1412.63),(1537,'2025-05-18',16,41,8,9,8.14,1505.08),(1538,'2025-09-05',8,53,4,1,5.38,77.02),(1539,'2025-10-28',173,13,4,9,13.03,204.29),(1540,'2025-03-06',78,73,7,8,1.68,1742.70),(1541,'2025-11-22',129,27,3,6,10.81,221.17),(1542,'2025-03-28',63,69,7,9,9.03,757.73),(1543,'2025-01-01',119,80,5,3,0.01,230.14),(1544,'2025-09-04',70,77,5,7,19.98,1290.28),(1545,'2025-11-20',55,75,9,5,0.91,845.98),(1546,'2025-10-01',145,9,5,2,7.91,215.56),(1547,'2025-03-04',36,93,9,5,17.57,833.28),(1548,'2025-04-18',157,65,6,6,12.70,1120.20),(1549,'2025-12-29',116,35,4,6,6.83,598.49),(1550,'2025-08-24',154,43,1,3,12.93,189.17),(1551,'2025-01-02',156,61,1,1,13.45,214.29),(1552,'2025-07-31',143,90,8,7,10.76,192.65),(1553,'2025-11-29',167,10,9,1,17.85,22.06),(1554,'2025-12-10',114,87,2,6,19.44,1205.64),(1555,'2025-07-12',154,46,7,3,16.78,183.60),(1556,'2025-12-23',3,16,8,6,18.72,708.79),(1557,'2025-08-16',3,29,1,5,13.61,928.35),(1558,'2025-12-30',92,25,2,10,12.50,2101.40),(1559,'2025-04-24',60,64,6,1,5.62,167.49),(1560,'2025-12-27',181,78,4,1,3.92,120.62),(1561,'2025-11-23',102,15,5,10,10.01,1525.06),(1562,'2025-03-29',142,25,10,10,11.30,2130.22),(1563,'2025-02-03',151,17,2,3,5.19,201.09),(1564,'2025-10-19',59,67,5,4,16.95,241.44),(1565,'2025-01-12',178,87,9,10,5.06,2368.09),(1566,'2025-10-14',117,1,7,1,17.08,138.53),(1567,'2025-06-15',111,53,5,2,13.60,140.66),(1568,'2025-08-27',127,47,9,1,17.68,35.59),(1569,'2025-04-25',13,36,7,9,8.98,1203.95),(1570,'2025-01-03',101,25,6,2,17.60,395.78),(1571,'2025-01-13',189,29,7,2,18.34,351.01),(1572,'2025-04-11',43,43,5,2,12.52,126.71),(1573,'2025-02-19',8,62,7,1,11.85,147.39),(1574,'2025-11-17',86,33,4,2,9.47,259.51),(1575,'2025-06-24',14,43,9,4,18.87,235.02),(1576,'2025-11-04',159,57,2,8,11.58,419.89),(1577,'2025-02-13',16,5,7,6,17.80,934.07),(1578,'2025-12-22',17,17,1,8,1.10,559.38),(1579,'2025-11-09',161,56,2,2,13.55,276.81),(1580,'2025-10-14',14,38,7,7,1.92,1114.01),(1581,'2025-07-30',60,77,10,1,9.07,209.46),(1582,'2025-08-26',110,80,10,2,6.79,143.02),(1583,'2025-12-12',7,59,9,6,11.76,304.85),(1584,'2025-02-25',27,2,10,2,11.86,45.39),(1585,'2025-04-10',147,17,9,5,7.11,328.37),(1586,'2025-09-04',186,80,8,3,4.86,218.97),(1587,'2025-01-23',16,17,5,10,8.72,645.35),(1588,'2025-11-30',194,46,5,10,17.70,605.23),(1589,'2025-03-16',38,61,5,10,6.86,2306.05),(1590,'2025-07-08',3,67,10,3,1.15,215.53),(1591,'2025-09-17',144,7,7,6,3.91,1298.37),(1592,'2025-04-13',164,26,2,6,3.79,562.37),(1593,'2025-09-01',178,89,8,10,13.85,352.44),(1594,'2025-10-24',145,43,10,5,8.37,331.79),(1595,'2025-03-25',27,59,1,8,4.39,440.42),(1596,'2025-01-02',164,29,4,8,12.48,1504.78),(1597,'2025-05-03',124,95,6,7,4.11,232.31),(1598,'2025-04-05',2,47,1,2,7.16,80.27),(1599,'2025-10-12',30,19,5,8,3.89,1585.20)
;
INSERT INTO sales (sale_id, sale_date,customer_id, product_id,store_id, quantity, discount,total_amount)
VALUES
(1600,'2025-10-27',196,47,1,1,3.98,41.51),(1601,'2025-05-26',45,29,5,3,6.80,600.92),(1602,'2025-10-11',63,23,4,1,3.52,94.80),(1603,'2025-05-15',26,3,3,7,13.10,506.47),(1604,'2025-02-26',87,27,5,8,4.80,314.77),(1605,'2025-07-10',170,22,9,10,17.63,1487.36),(1606,'2025-12-31',17,16,3,3,15.90,366.69),(1607,'2025-04-09',137,49,6,6,11.99,877.69),(1608,'2025-11-22',63,6,10,10,3.78,1690.01),(1609,'2025-10-02',76,20,6,4,1.07,85.04),(1610,'2025-05-24',33,66,10,8,4.18,1521.47),(1611,'2025-02-11',121,85,10,2,3.35,216.23),(1612,'2025-07-18',193,83,9,6,9.97,834.31),(1613,'2025-08-26',46,42,6,9,13.89,236.68),(1614,'2025-09-11',122,35,10,7,12.76,653.79),(1615,'2025-10-26',167,5,4,4,17.90,621.96),(1616,'2025-08-20',61,51,4,5,8.50,481.02),(1617,'2025-07-13',147,21,6,5,11.01,913.66),(1618,'2025-03-10',193,11,5,8,10.38,503.95),(1619,'2025-04-28',150,6,8,9,12.42,1384.43),(1620,'2025-08-07',116,60,7,7,7.35,695.70),(1621,'2025-09-12',82,35,7,1,3.59,103.22),(1622,'2025-04-30',68,83,2,6,18.03,759.62),(1623,'2025-05-31',129,66,9,2,15.72,334.56),(1624,'2025-04-27',26,16,2,6,0.77,865.33),(1625,'2025-04-13',86,26,6,5,6.05,457.63),(1626,'2025-12-16',71,25,10,3,19.97,576.60),(1627,'2025-10-06',67,2,5,5,16.45,107.57),(1628,'2025-07-26',104,75,1,8,13.08,1187.33),(1629,'2025-03-18',102,30,4,4,9.49,575.14),(1630,'2025-09-22',151,71,8,8,6.81,510.90),(1631,'2025-02-13',81,25,7,7,4.19,1610.68),(1632,'2025-08-19',143,4,6,3,11.55,189.30),(1633,'2025-03-07',79,95,1,8,16.21,232.00),(1634,'2025-07-01',87,29,7,7,13.72,1298.03),(1635,'2025-07-26',196,100,9,5,6.52,1018.84),(1636,'2025-01-12',146,5,3,3,19.54,457.15),(1637,'2025-06-19',146,81,10,10,11.48,1319.92),(1638,'2025-07-20',98,27,7,2,10.69,73.82),(1639,'2025-04-07',122,14,6,10,19.24,530.84),(1640,'2025-11-24',78,12,3,2,13.50,235.68),(1641,'2025-04-01',9,89,10,8,0.54,325.51),(1642,'2025-04-12',18,50,5,4,4.66,396.27),(1643,'2025-12-04',135,9,8,1,7.37,108.41),(1644,'2025-01-06',44,42,7,7,3.14,207.07),(1645,'2025-02-26',34,69,7,8,14.86,630.38),(1646,'2025-07-19',53,17,4,5,8.64,322.96),(1647,'2025-12-30',171,61,3,10,11.50,2191.17),(1648,'2025-06-08',151,26,9,8,5.51,736.42),(1649,'2025-01-04',37,58,2,7,12.10,1154.92),(1650,'2025-05-07',135,43,10,8,9.20,526.06),(1651,'2025-10-22',11,95,2,5,12.93,150.67),(1652,'2025-08-22',89,90,5,7,12.26,189.41),(1653,'2025-03-31',107,32,3,10,14.66,1603.03),(1654,'2025-08-23',99,85,3,10,1.91,1097.23),(1655,'2025-12-24',12,31,3,5,17.65,846.72),(1656,'2025-10-03',75,86,2,4,18.17,230.56),(1657,'2025-07-30',196,71,2,6,1.53,404.89),(1658,'2025-02-23',130,99,6,7,9.02,1549.80),(1659,'2025-05-10',54,65,1,8,0.53,1701.81),(1660,'2025-11-24',178,87,8,7,6.87,1626.06),(1661,'2025-07-24',50,51,1,1,5.01,99.87),(1662,'2025-12-30',35,42,8,8,9.23,221.77),(1663,'2025-02-12',141,85,4,8,2.81,869.73),(1664,'2025-05-23',42,22,1,10,2.01,1769.41),(1665,'2025-05-31',32,69,7,3,1.55,273.35),(1666,'2025-01-06',174,35,3,8,7.16,795.16),(1667,'2025-04-21',183,5,9,4,8.84,690.59),(1668,'2025-01-25',163,67,2,7,13.81,438.50),(1669,'2025-08-16',14,77,1,1,15.45,194.76),(1670,'2025-04-14',64,48,4,4,1.83,329.58),(1671,'2025-08-04',8,2,6,4,13.60,88.99),(1672,'2025-02-02',57,13,3,3,0.88,77.61),(1673,'2025-09-20',28,42,6,9,12.54,240.39),(1674,'2025-11-16',54,70,7,7,2.42,557.24),(1675,'2025-04-20',28,46,6,3,0.30,219.96),(1676,'2025-12-01',81,2,7,4,9.18,93.54),(1677,'2025-02-03',169,36,10,6,0.88,874.06),(1678,'2025-04-22',106,39,10,8,19.66,1402.35),(1679,'2025-02-22',183,69,10,3,5.04,263.66),(1680,'2025-02-18',154,42,7,3,6.64,85.54),(1681,'2025-11-22',195,89,6,8,1.35,322.86),(1682,'2025-01-10',156,75,8,7,10.22,1073.10),(1683,'2025-04-30',129,76,1,4,0.42,442.14),(1684,'2025-03-05',80,31,7,4,12.40,720.56),(1685,'2025-01-31',36,48,8,5,4.04,402.70),(1686,'2025-07-12',53,83,1,4,18.47,503.69),(1687,'2025-11-03',114,95,6,3,5.56,98.06),(1688,'2025-11-26',195,6,9,7,12.96,1070.14),(1689,'2025-05-28',193,4,4,6,6.85,398.72),(1690,'2025-04-16',139,7,4,4,12.16,791.26),(1691,'2025-07-15',134,42,3,8,12.60,213.54),(1692,'2025-02-03',126,9,4,1,12.69,102.19),(1693,'2025-03-14',53,17,2,3,11.85,186.97),(1694,'2025-04-15',61,65,2,7,14.50,1279.95),(1695,'2025-06-09',43,93,4,4,8.48,740.14),(1696,'2025-11-07',64,39,5,10,8.97,1986.18),(1697,'2025-11-22',52,35,8,2,19.02,173.39),(1698,'2025-07-04',102,49,3,8,8.83,1212.27),(1699,'2025-09-16',157,95,7,3,16.39,86.81),(1700,'2025-09-04',6,98,7,7,17.08,822.48),(1701,'2025-06-03',153,69,3,9,14.53,711.92),(1702,'2025-05-12',98,60,5,8,5.66,809.59),(1703,'2025-10-15',156,62,2,6,2.73,975.81),(1704,'2025-08-29',51,20,4,1,0.26,21.43),(1705,'2025-09-14',187,93,6,8,8.09,1486.59),(1706,'2025-08-01',102,96,6,7,9.79,680.54),(1707,'2025-11-25',151,10,7,1,19.85,21.52),(1708,'2025-03-05',99,73,3,4,15.26,751.00),(1709,'2025-05-11',198,97,6,9,14.18,1924.08),(1710,'2025-11-22',177,48,1,7,18.53,478.64),(1711,'2025-05-07',63,62,1,6,12.62,876.60),(1712,'2025-12-13',8,90,3,5,12.11,135.53),(1713,'2025-12-15',38,33,4,10,11.57,1267.47),(1714,'2025-12-06',42,2,2,2,12.89,44.86),(1715,'2025-07-16',102,91,10,2,10.37,81.06),(1716,'2025-04-07',109,22,7,5,13.84,777.90),(1717,'2025-09-14',137,85,7,10,6.16,1049.69),(1718,'2025-07-30',193,94,2,2,12.72,204.41),(1719,'2025-06-26',37,35,4,7,13.98,644.65),(1720,'2025-01-04',44,63,1,2,1.40,292.05),(1721,'2025-12-23',107,68,7,5,14.66,116.83),(1722,'2025-03-29',46,48,3,3,3.96,241.82),(1723,'2025-04-04',129,15,8,10,16.29,1418.63),(1724,'2025-04-06',52,8,3,4,5.19,151.70),(1725,'2025-07-29',113,81,10,2,17.37,246.42),(1726,'2025-03-27',21,38,2,7,2.49,1107.54),(1727,'2025-02-02',88,4,10,4,9.56,258.08),(1728,'2025-12-11',195,13,1,1,5.32,24.71),(1729,'2025-01-04',171,75,1,2,4.22,327.09),(1730,'2025-01-04',97,78,9,5,18.64,510.70),(1731,'2025-08-31',194,44,10,7,6.73,565.14),(1732,'2025-12-16',88,41,4,6,13.30,947.02),(1733,'2025-07-13',157,8,6,6,16.13,201.29),(1734,'2025-01-02',117,90,7,3,0.51,92.05),(1735,'2025-03-04',136,36,4,6,9.04,802.10),(1736,'2025-12-18',169,61,9,7,13.20,1504.36),(1737,'2025-01-02',164,42,1,6,17.47,151.23),(1738,'2025-06-16',174,57,4,10,9.69,536.08),(1739,'2025-11-10',21,45,7,8,19.74,246.24),(1740,'2025-12-25',26,94,7,5,12.14,514.42),(1741,'2025-12-31',37,67,10,9,0.63,650.00),(1742,'2025-09-12',23,39,9,8,3.36,1686.87),(1743,'2025-08-17',30,62,9,4,4.87,636.23),(1744,'2025-03-29',193,85,2,2,8.70,204.26),(1745,'2025-01-15',42,42,7,5,4.41,145.97),(1746,'2025-05-12',171,61,2,3,18.45,605.73),(1747,'2025-11-21',186,63,2,6,17.44,733.63),(1748,'2025-10-22',197,77,2,6,7.54,1277.89),(1749,'2025-07-15',168,83,9,7,16.17,906.33),(1750,'2025-04-25',67,15,5,2,2.23,331.38),(1751,'2025-06-24',190,76,4,2,11.46,196.56),(1752,'2025-03-07',81,49,10,1,6.22,155.87),(1753,'2025-10-30',138,25,7,7,6.39,1573.70),(1754,'2025-07-06',174,17,9,10,11.82,623.43),(1755,'2025-02-24',102,2,9,8,6.32,192.98),(1756,'2025-06-01',57,64,8,3,12.03,468.33),(1757,'2025-03-16',192,86,1,10,6.40,659.32),(1758,'2025-09-15',177,16,5,10,9.57,1314.31),(1759,'2025-04-21',127,38,7,1,19.62,130.42),(1760,'2025-06-20',40,92,4,4,14.01,565.16),(1761,'2025-01-27',199,23,8,7,5.98,646.69),(1762,'2025-12-04',41,3,9,7,6.75,543.48),(1763,'2025-12-14',122,45,7,7,1.44,264.58),(1764,'2025-05-25',73,90,4,9,7.88,255.69),(1765,'2025-03-09',83,97,10,1,17.00,206.76),(1766,'2025-12-30',78,59,3,10,2.75,559.97),(1767,'2025-12-23',124,38,3,4,4.36,620.74),(1768,'2025-04-11',189,84,1,6,14.52,1161.67),(1769,'2025-10-22',27,87,3,7,19.01,1414.09),(1770,'2025-08-07',174,22,1,2,7.11,335.46),(1771,'2025-08-31',46,7,2,9,13.00,1763.32),(1772,'2025-10-31',112,20,7,4,0.68,85.38),(1773,'2025-05-04',102,63,5,10,19.09,1198.28),(1774,'2025-12-01',191,49,2,8,17.30,1099.65),(1775,'2025-11-29',98,36,8,6,0.23,879.79),(1776,'2025-03-01',22,16,8,9,4.50,1249.20),(1777,'2025-10-28',147,74,8,5,13.87,397.83),(1778,'2025-02-18',152,24,7,8,20.00,356.86),(1779,'2025-12-26',112,39,10,3,1.99,641.54),(1780,'2025-02-02',183,69,3,7,16.26,542.51),(1781,'2025-01-11',101,72,9,9,9.77,1923.55),(1782,'2025-09-23',150,69,2,4,19.31,298.71),(1783,'2025-03-02',47,77,3,1,11.09,204.80),(1784,'2025-06-10',32,6,3,10,4.12,1684.04),(1785,'2025-03-24',23,72,5,1,1.69,232.87),(1786,'2025-03-05',130,39,6,9,3.43,1896.35),(1787,'2025-12-03',1,32,5,1,18.92,152.30),(1788,'2025-09-23',76,85,9,8,2.80,869.82),(1789,'2025-09-09',178,41,9,6,12.12,959.91),(1790,'2025-09-19',54,89,2,1,4.74,38.97),(1791,'2025-04-07',37,39,4,3,12.04,575.76),(1792,'2025-04-21',152,46,5,3,14.58,188.45),(1793,'2025-08-05',20,71,5,5,7.64,316.47),(1794,'2025-03-25',103,59,2,5,13.53,248.95),(1795,'2025-12-22',37,69,4,2,12.59,161.80),(1796,'2025-05-18',163,90,4,6,11.27,164.19),(1797,'2025-11-28',131,78,3,7,16.43,734.40),(1798,'2025-06-11',112,49,1,10,4.95,1579.83),(1799,'2025-05-19',32,69,2,9,8.14,765.15),(1800,'2025-06-18',164,12,6,6,15.56,690.20),(1801,'2025-03-16',58,36,1,2,7.54,271.78),(1802,'2025-04-24',97,14,2,3,10.53,176.43),(1803,'2025-06-06',151,63,2,9,6.98,1239.86),(1804,'2025-10-20',73,71,5,10,1.98,671.73),(1805,'2025-01-25',44,41,7,3,6.90,508.47),(1806,'2025-12-14',137,71,10,7,9.54,433.95),(1807,'2025-03-07',67,2,9,3,13.15,67.09),(1808,'2025-03-15',97,73,5,1,18.37,180.86),(1809,'2025-11-24',95,91,4,10,8.36,414.40),(1810,'2025-08-23',47,57,6,8,10.04,427.20),(1811,'2025-05-22',110,67,4,5,12.71,317.21),(1812,'2025-02-14',79,53,6,2,12.69,142.14),(1813,'2025-02-09',187,31,2,3,11.51,545.91),(1814,'2025-02-13',191,37,9,8,16.17,1413.44),(1815,'2025-01-06',109,87,9,3,9.59,676.53),(1816,'2025-09-21',176,87,9,2,8.11,458.40),(1817,'2025-11-12',49,96,1,7,14.05,648.40),(1818,'2025-06-26',63,95,9,10,0.85,343.16),(1819,'2025-08-18',44,87,9,4,3.50,962.80),(1820,'2025-07-07',35,66,6,1,8.45,181.71),(1821,'2025-07-14',44,48,2,6,18.28,411.53),(1822,'2025-05-08',139,99,2,5,5.98,1143.99),(1823,'2025-05-31',68,28,1,10,7.87,389.16),(1824,'2025-06-06',165,66,1,8,17.85,1304.41),(1825,'2025-09-07',15,46,1,10,9.21,667.67),(1826,'2025-06-02',91,14,1,6,17.80,324.18),(1827,'2025-04-06',103,46,1,2,8.62,134.40),(1828,'2025-04-12',22,68,9,3,8.21,75.40),(1829,'2025-09-07',2,20,5,4,9.41,77.87),(1830,'2025-07-11',77,47,7,3,10.73,115.77),(1831,'2025-05-18',28,57,8,3,2.80,173.09),(1832,'2025-08-11',2,46,4,2,3.79,141.51),(1833,'2025-01-21',35,51,7,6,18.02,517.16),(1834,'2025-03-24',171,26,8,5,2.38,475.51),(1835,'2025-09-08',141,64,3,6,15.02,904.83),(1836,'2025-07-24',129,93,7,3,2.19,593.26),(1837,'2025-02-25',6,17,3,6,10.00,381.78),(1838,'2025-12-17',61,7,6,7,19.53,1268.53),(1839,'2025-01-05',112,62,5,5,9.72,754.74),(1840,'2025-08-08',64,80,3,9,3.74,664.66),(1841,'2025-05-24',197,15,5,4,13.33,587.52),(1842,'2025-08-08',51,61,2,9,12.22,1956.01),(1843,'2025-04-07',152,81,3,4,2.41,582.07),(1844,'2025-07-25',10,36,4,3,8.53,403.30),(1845,'2025-11-12',52,12,1,7,8.15,875.89),(1846,'2025-06-06',180,82,4,4,6.72,300.10),(1847,'2025-09-03',16,66,7,1,6.09,186.39),(1848,'2025-05-18',94,36,6,7,4.94,977.97),(1849,'2025-01-25',47,6,1,1,13.21,152.44),(1850,'2025-06-14',55,37,8,5,18.17,862.32),(1851,'2025-02-21',111,24,5,8,7.27,413.65),(1852,'2025-06-05',29,13,1,9,15.41,198.70),(1853,'2025-03-08',85,47,6,10,10.58,386.56),(1854,'2025-07-10',61,84,5,4,11.69,800.09),(1855,'2025-02-14',28,17,10,2,0.82,140.24),(1856,'2025-12-02',49,25,8,2,1.50,473.12),(1857,'2025-10-07',159,44,5,8,19.79,555.44),(1858,'2025-04-14',137,93,3,1,2.56,197.00),(1859,'2025-08-03',141,92,5,9,19.50,1190.43),(1860,'2025-07-07',115,81,2,7,1.35,1029.68),(1861,'2025-08-03',135,65,1,3,11.98,564.72),(1862,'2025-12-23',34,38,1,10,1.22,1602.80),(1863,'2025-12-22',49,95,7,8,13.69,238.98),(1864,'2025-09-20',20,22,8,9,7.68,1500.32),(1865,'2025-07-19',103,78,5,4,3.68,483.68),(1866,'2025-03-23',147,28,10,1,17.58,34.81),(1867,'2025-09-20',117,65,9,5,6.07,1004.39),(1868,'2025-04-23',76,91,5,9,2.38,397.29),(1869,'2025-04-25',12,69,4,5,0.78,459.14),(1870,'2025-03-17',72,18,5,1,12.85,135.54),(1871,'2025-05-08',54,69,2,1,12.97,80.55),(1872,'2025-11-20',155,48,6,2,18.93,136.08),(1873,'2025-10-09',68,93,3,7,17.97,1160.94),(1874,'2025-05-31',84,8,1,6,4.39,229.46),(1875,'2025-05-24',46,33,1,9,13.15,1120.34),(1876,'2025-10-26',28,93,7,5,17.40,835.00),(1877,'2025-11-21',155,71,4,8,4.41,524.06),(1878,'2025-05-18',53,75,7,3,8.92,466.56),(1879,'2025-08-11',95,19,8,2,9.92,371.44),(1880,'2025-08-24',48,23,4,10,9.81,886.21),(1881,'2025-04-03',166,37,1,5,3.26,1019.45),(1882,'2025-04-01',101,88,10,4,1.39,541.13),(1883,'2025-02-06',110,32,8,7,2.00,1288.58),(1884,'2025-09-27',36,94,1,10,1.99,1147.70),(1885,'2025-07-16',6,15,1,1,2.64,165.00),(1886,'2025-02-12',69,19,10,1,15.85,173.49),(1887,'2025-01-05',28,70,6,2,4.05,156.55),(1888,'2025-09-03',195,73,8,3,6.15,623.80),(1889,'2025-09-03',40,32,1,9,13.84,1456.59),(1890,'2025-11-18',140,16,1,1,2.06,142.35),(1891,'2025-06-01',27,66,7,3,0.02,595.32),(1892,'2025-04-25',7,30,7,7,2.95,1079.22),(1893,'2025-12-02',74,29,7,2,9.84,387.54),(1894,'2025-02-26',58,14,5,6,1.53,388.35),(1895,'2025-06-20',31,47,2,1,12.09,38.00),(1896,'2025-04-02',110,68,6,10,3.63,263.86),(1897,'2025-08-06',39,86,5,10,16.35,589.23),(1898,'2025-06-28',27,35,8,6,18.66,522.50),(1899,'2025-12-31',20,1,3,3,6.41,469.08),(1900,'2025-07-19',115,93,8,2,2.26,395.22),(1901,'2025-08-07',187,36,3,2,6.46,274.95),(1902,'2025-03-07',47,99,7,6,6.39,1366.80),(1903,'2025-08-06',124,89,7,10,15.87,344.18),(1904,'2025-06-20',36,84,4,7,8.37,1452.79),(1905,'2025-09-12',138,69,8,9,10.72,743.66),(1906,'2025-04-28',99,11,10,7,10.54,440.17),(1907,'2025-12-22',192,29,2,4,7.23,797.53),(1908,'2025-04-15',5,47,9,8,19.15,279.61),(1909,'2025-02-26',16,45,6,3,5.89,108.27),(1910,'2025-03-15',142,54,4,4,16.56,785.77),(1911,'2025-01-29',192,18,2,3,7.55,431.36),(1912,'2025-01-14',179,55,6,1,14.03,145.33),(1913,'2025-12-06',149,10,8,10,17.41,221.75),(1914,'2025-01-16',38,47,3,2,4.90,82.22),(1915,'2025-01-07',146,54,3,3,9.40,639.90),(1916,'2025-03-13',192,68,5,8,8.23,201.01),(1917,'2025-06-22',114,83,1,5,2.23,755.03),(1918,'2025-01-31',165,5,10,3,10.07,510.96),(1919,'2025-01-06',102,55,8,9,14.23,1304.95),(1920,'2025-05-13',147,65,5,4,8.47,782.98),(1921,'2025-03-22',70,12,9,7,19.56,767.08),(1922,'2025-03-06',191,28,7,10,1.12,417.67),(1923,'2025-07-20',48,96,9,10,16.83,896.32),(1924,'2025-12-21',120,62,6,7,16.55,976.70),(1925,'2025-03-26',14,48,7,4,5.40,317.59),(1926,'2025-02-23',20,47,10,6,0.56,257.93),(1927,'2025-05-25',42,70,2,2,4.24,156.24),(1928,'2025-01-06',194,40,4,9,4.03,1319.69),(1929,'2025-01-17',62,35,2,10,11.30,949.62),(1930,'2025-10-16',124,6,1,6,1.86,1034.24),(1931,'2025-06-08',3,46,5,7,10.00,463.30),(1932,'2025-06-11',193,51,6,3,14.05,271.10),(1933,'2025-02-19',85,53,9,2,10.04,146.45),(1934,'2025-03-18',7,76,7,8,11.73,783.84),(1935,'2025-01-20',75,21,3,8,1.58,1616.77),(1936,'2025-11-17',24,92,4,4,16.15,551.10),(1937,'2025-12-01',37,99,3,9,10.33,1963.91),(1938,'2025-11-08',167,67,6,8,15.71,490.10),(1939,'2025-06-23',75,47,10,7,0.80,300.19),(1940,'2025-12-31',199,88,7,4,4.18,525.82),(1941,'2025-11-09',156,10,3,10,12.56,234.78),(1942,'2025-09-12',25,2,3,5,10.94,114.66),(1943,'2025-02-14',128,13,8,6,3.39,151.29),(1944,'2025-06-01',42,9,5,10,7.27,1085.31),(1945,'2025-02-15',19,23,8,5,19.72,394.42),(1946,'2025-05-12',196,57,3,2,19.43,95.65),(1947,'2025-09-07',11,47,5,7,8.18,277.86),(1948,'2025-11-14',175,17,8,6,10.25,380.72),(1949,'2025-11-16',81,48,2,7,10.12,528.05),(1950,'2025-05-15',175,6,10,1,14.82,149.61),(1951,'2025-05-06',180,72,1,3,17.06,589.38),(1952,'2025-05-29',97,21,10,7,17.08,1191.88),(1953,'2025-04-25',100,60,2,6,9.32,583.63),(1954,'2025-11-25',137,60,2,2,3.61,206.80),(1955,'2025-02-25',102,99,7,4,8.03,895.24),(1956,'2025-02-03',82,44,10,8,4.25,663.05),(1957,'2025-09-01',30,36,8,1,10.90,130.95),(1958,'2025-08-29',38,82,4,6,11.36,427.76),(1959,'2025-11-04',199,49,1,6,15.79,839.79),(1960,'2025-08-31',55,7,4,1,19.05,182.30),(1961,'2025-12-17',109,35,5,3,1.67,315.82),(1962,'2025-02-05',71,52,2,5,17.48,281.35),(1963,'2025-08-20',108,68,4,5,3.68,131.86),(1964,'2025-01-28',24,55,6,5,3.29,817.44),(1965,'2025-06-28',108,62,8,9,13.78,1297.44),(1966,'2025-03-24',179,56,6,10,7.78,1476.44),(1967,'2025-01-06',144,77,4,2,14.45,394.13),(1968,'2025-10-24',158,19,6,6,0.28,1233.56),(1969,'2025-08-23',38,64,6,2,15.84,298.70),(1970,'2025-12-12',105,34,9,1,19.76,195.64),(1971,'2025-03-06',163,58,10,2,0.73,372.66),(1972,'2025-04-07',108,90,9,3,12.02,81.40),(1973,'2025-04-21',90,27,4,10,19.10,334.36),(1974,'2025-07-09',94,3,5,5,10.04,374.50),(1975,'2025-03-05',180,64,8,7,8.21,1140.23),(1976,'2025-06-30',139,55,9,6,2.27,991.28),(1977,'2025-04-01',118,55,6,3,11.06,451.06),(1978,'2025-03-25',139,56,7,5,16.90,665.22),(1979,'2025-12-19',175,56,5,10,18.76,1300.65),(1980,'2025-02-20',23,14,2,1,12.33,57.63),(1981,'2025-07-30',27,64,10,9,1.99,1565.36),(1982,'2025-08-16',129,75,1,5,17.03,708.36),(1983,'2025-04-19',58,100,8,9,7.62,1812.33),(1984,'2025-04-11',121,16,6,8,8.26,1066.68),(1985,'2025-11-27',181,95,7,1,18.79,28.11),(1986,'2025-04-25',130,37,5,5,6.15,988.99),(1987,'2025-08-01',173,31,1,7,0.65,1430.12),(1988,'2025-01-14',40,48,9,10,6.35,786.00),(1989,'2025-03-29',147,56,4,9,19.47,1160.36),(1990,'2025-04-09',158,83,7,1,16.03,129.69),(1991,'2025-10-23',110,17,7,3,8.06,195.00),(1992,'2025-06-12',133,21,7,4,1.99,805.01),(1993,'2025-03-06',130,16,10,7,16.86,845.85),(1994,'2025-11-18',67,71,3,6,4.08,394.40),(1995,'2025-02-17',7,56,1,10,3.06,1552.01),(1996,'2025-11-13',182,70,2,10,7.65,753.39),(1997,'2025-03-08',117,82,6,3,4.79,229.73),(1998,'2025-04-24',77,25,9,4,14.53,821.06),(1999,'2025-07-13',198,34,1,5,1.66,1198.86),(2000,'2025-03-15',161,3,10,2,2.22,162.82)
;
